date,temp high,temp low,DP avg,humidity avg,SLP avg,Rainfall
2012-01-01,28,19,14,57,1012,0.0
2012-01-02,26,18,15,65,1013,0.0
2012-01-03,27,17,17,71,1012,0.0
2012-01-04,26,20,17,66,1013,0.0
2012-01-05,26,19,17,71,1014,0.0
2012-01-06,27,18,17,75,1015,0.0
2012-01-07,26,18,17,73,1016,0.0
2012-01-08,26,18,18,79,1016,0.0
2012-01-09,26,18,18,75,1014,0.0
2012-01-10,26,18,16,68,1014,0.0
2012-01-11,25,18,17,74,1014,0.0
2012-01-12,23,18,16,72,1013,0.0
2012-01-13,21,16,11,63,1014,0.0
2012-01-14,21,16,10,58,1012,0.0
2012-01-15,23,15,12,63,1011,0.0
2012-01-16,24,13,10,57,1009,0.0
2012-01-17,25,13,12,66,1009,0.0
2012-01-18,26,14,16,74,1010,0.0
2012-01-19,25,15,16,75,1010,0.0
2012-01-20,23,18,18,87,1011,0.0
2012-01-21,25,18,18,82,1011,0.0
2012-01-22,23,17,11,53,1013,0.0
2012-01-23,24,14,12,60,1013,0.0
2012-01-24,24,16,12,61,1012,0.0
2012-01-25,24,13,11,61,1013,0.0
2012-01-26,26,14,12,61,1012,0.0
2012-01-27,14,13,12,91,1013,0.0
2012-01-28,27,15,8,45,1012,0.0
2012-01-30,27,22,11,43,1012,0.0
2012-01-31,25,17,11,53,1014,0.0
2012-02-01,27,15,9,46,1014,0.0
2012-02-02,26,16,7,42,1015,0.0
2012-02-03,25,18,11,51,1012,0.0
2012-02-04,27,15,12,56,1012,0.0
2012-02-05,28,15,13,60,1012,0.0
2012-02-06,29,15,11,51,1012,0.0
2012-02-07,29,16,14,57,1011,0.0
2012-02-08,30,19,15,56,1010,0.0
2012-02-09,29,18,16,65,1010,0.0
2012-02-10,26,19,15,62,1011,0.0
2012-02-11,26,19,9,44,1012,0.0
2012-02-12,27,14,8,40,1013,0.0
2012-02-13,28,18,8,37,1013,0.0
2012-02-14,30,17,9,43,1012,0.0
2012-02-15,31,18,14,55,1010,0.0
2012-02-16,32,20,17,57,1010,0.0
2012-02-17,32,20,16,53,1010,0.0
2012-02-18,30,18,15,53,1011,0.0
2012-02-19,30,20,12,45,1010,0.0
2012-02-20,29,17,12,49,1010,0.0
2012-02-21,29,17,14,56,1009,0.0
2012-02-22,28,17,19,75,1008,0.0
2012-02-23,28,19,20,77,1008,0.0
2012-02-24,31,18,19,72,1008,0.0
2012-02-25,32,19,17,64,1007,0.0
2012-02-26,31,21,18,65,1006,0.0
2012-02-27,30,20,20,72,1007,0.0
2012-02-28,30,20,16,61,1005,0.0
2012-02-29,27,20,21,81,1006,0.0
2012-03-01,28,23,23,82,1007,17.0
2012-03-02,28,23,22,84,1006,0.0
2012-03-03,25,22,21,87,1005,12.0
2012-03-04,27,21,21,82,1008,1.0
2012-03-05,28,21,22,81,1007,0.0
2012-03-06,28,23,22,82,1006,0.0
2012-03-07,28,24,23,83,1004,0.0
2012-03-08,29,23,23,79,1005,0.0
2012-03-09,29,24,22,77,1006,0.0
2012-03-10,30,24,22,76,1008,0.0
2012-03-11,34,22,17,53,1009,0.0
2012-03-12,34,22,13,41,1011,0.0
2012-03-13,33,21,15,50,1011,0.0
2012-03-14,32,23,18,58,1010,0.0
2012-03-15,31,22,19,61,1014,0.0
2012-03-16,30,20,17,59,1010,0.0
2012-03-17,31,23,17,56,1009,0.0
2012-03-18,30,21,19,67,1010,0.0
2012-03-19,30,24,22,73,1009,0.0
2012-03-20,30,23,23,78,1009,0.0
2012-03-21,31,23,23,79,1008,0.0
2012-03-22,31,25,24,78,1008,0.0
2012-03-23,29,24,23,79,1010,0.0
2012-03-24,31,24,23,76,1009,0.0
2012-03-25,30,23,23,81,1010,0.0
2012-03-26,29,23,23,83,1011,0.0
2012-03-27,30,23,24,81,1011,0.0
2012-03-28,30,23,23,78,1012,0.0
2012-03-29,29,25,24,80,1010,0.0
2012-03-30,30,24,23,78,1009,0.0
2012-03-31,31,24,23,73,1010,0.0
2012-04-01,35,25,21,58,1009,0.0
2012-04-02,32,25,22,71,1010,0.0
2012-04-03,31,26,24,77,1011,0.0
2012-04-04,31,26,25,78,1010,0.0
2012-04-05,31,26,24,79,1009,0.0
2012-04-06,29,22,22,77,1009,0.0
2012-04-07,30,20,21,81,1009,0.0
2012-04-08,30,20,22,79,1008,8.0
2012-04-09,28,21,18,73,1009,5.08
2012-04-10,32,20,21,79,1009,23.88
2012-04-11,31,21,20,66,1009,26.0
2012-04-12,30,22,22,79,1007,0.0
2012-04-13,27,20,21,78,1008,11.94
2012-04-14,33,21,22,69,1009,12.0
2012-04-15,31,24,24,79,1008,0.0
2012-04-16,32,25,24,83,1006,0.0
2012-04-17,32,25,25,79,1005,0.0
2012-04-18,31,26,24,77,1005,0.0
2012-04-19,31,26,26,80,1006,0.0
2012-04-20,31,26,24,80,1007,0.0
2012-04-21,30,22,24,82,1006,6.1
2012-04-22,32,27,25,79,1004,0.0
2012-04-23,32,26,25,78,1005,1.02
2012-04-24,32,27,26,76,1006,0.0
2012-04-25,32,27,26,80,1007,0.0
2012-04-26,32,23,24,75,1007,0.0
2012-04-27,32,27,26,80,1005,0.0
2012-04-28,31,26,25,83,1004,0.0
2012-04-29,31,23,22,81,1005,17.02
2012-04-30,31,23,24,86,1004,46.0
2012-05-01,28,22,22,90,1005,48.01
2012-05-02,31,23,23,77,1006,5.08
2012-05-03,32,25,24,72,1005,3.05
2012-05-04,31,24,22,74,1005,0.0
2012-05-05,32,24,22,68,1004,0.0
2012-05-06,34,25,23,65,1003,0.0
2012-05-07,33,26,24,72,1003,0.0
2012-05-08,32,26,26,80,1005,0.0
2012-05-09,32,27,26,79,1007,0.0
2012-05-10,32,26,24,74,1008,0.0
2012-05-11,32,27,25,73,1006,0.0
2012-05-12,32,27,26,76,1004,0.0
2012-05-13,32,24,24,81,1004,21.08
2012-05-14,32,27,27,83,1004,3.0
2012-05-15,32,28,26,75,1005,0.0
2012-05-16,29,23,24,87,1004,33.02
2012-05-17,32,25,26,81,1002,2.03
2012-05-18,32,26,26,78,1003,2.0
2012-05-19,33,27,26,81,1004,0.0
2012-05-20,33,27,24,71,1004,0.0
2012-05-21,33,27,26,79,1003,0.0
2012-05-22,33,26,27,81,1003,0.0
2012-05-23,33,27,27,76,1002,0.0
2012-05-24,33,28,27,80,1001,0.25
2012-05-25,33,28,27,80,1001,0.0
2012-05-26,33,28,27,78,1001,0.0
2012-05-27,33,29,27,78,1001,0.0
2012-05-28,31,28,26,80,1001,7.11
2012-05-29,33,26,26,79,1002,2.03
2012-05-30,33,27,26,81,1000,0.0
2012-05-31,33,24,26,78,999,58.93
2012-06-01,28,26,26,92,1000,30.99
2012-06-02,30,26,26,83,999,0.0
2012-06-03,32,24,26,80,998,1.02
2012-06-04,32,29,28,84,999,0.0
2012-06-05,30,24,24,85,1000,4.06
2012-06-06,31,23,25,83,1000,58.93
2012-06-07,33,27,26,80,999,0.0
2012-06-08,34,26,27,81,999,0.0
2012-06-09,33,29,27,82,999,2.0
2012-06-10,32,28,27,81,998,0.0
2012-06-11,32,27,27,81,999,0.0
2012-06-12,33,27,26,77,1001,0.0
2012-06-13,32,27,27,84,1002,0.0
2012-06-14,31,27,26,87,1002,23.11
2012-06-15,31,23,26,90,1001,17.02
2012-06-16,25,23,23,96,999,49.02
2012-06-17,31,24,25,83,998,1.02
2012-06-18,33,27,26,81,998,0.0
2012-06-19,33,27,26,83,995,3.05
2012-06-20,32,26,26,80,994,5.08
2012-06-21,32,26,26,83,997,4.06
2012-06-22,31,26,26,87,1001,11.94
2012-06-23,29,26,26,91,1000,80.01
2012-06-24,27,25,26,95,999,9.91
2012-06-25,28,25,24,85,1001,24.0
2012-06-26,26,24,24,98,1000,463.0
2012-06-27,30,25,24,85,1001,1.0
2012-06-28,32,24,26,84,999,0.0
2012-06-29,31,27,26,84,998,0.0
2012-06-30,31,27,26,84,997,1.0
2012-07-01,32,27,25,76,996,0.0
2012-07-02,30,27,25,81,999,0.0
2012-07-03,31,25,26,87,999,25.91
2012-07-04,33,25,26,86,999,1.02
2012-07-05,30,27,26,83,1000,2.03
2012-07-06,32,27,26,83,1000,0.0
2012-07-07,31,27,26,82,998,2.03
2012-07-08,31,26,25,82,999,0.51
2012-07-09,31,26,26,81,1001,0.0
2012-07-10,31,26,25,85,1004,5.08
2012-07-11,29,27,25,85,1004,5.08
2012-07-12,29,26,26,89,1003,7.87
2012-07-13,30,25,26,92,1002,0.0
2012-07-14,29,26,26,90,1001,2.03
2012-07-15,30,26,26,90,1003,0.0
2012-07-16,29,25,25,88,1004,8.89
2012-07-17,27,26,25,93,1003,3.05
2012-07-18,28,26,25,89,1000,3.05
2012-07-19,30,26,26,89,998,2.03
2012-07-20,32,26,25,80,999,1.02
2012-07-21,31,26,25,81,1002,1.02
2012-07-22,30,26,26,85,1002,0.0
2012-07-23,30,26,26,91,999,71.88
2012-07-24,29,25,26,92,999,8.89
2012-07-25,30,26,25,81,999,3.05
2012-07-26,30,26,26,88,999,2.03
2012-07-27,28,25,25,91,999,7.11
2012-07-28,28,26,23,87,1000,30.99
2012-07-29,28,25,25,93,1000,13.97
2012-07-30,28,25,25,91,1000,4.06
2012-07-31,28,25,25,91,999,2.03
2012-08-01,29,25,25,87,999,9.91
2012-08-02,31,25,26,86,998,0.0
2012-08-03,33,27,26,83,997,5.08
2012-08-04,32,27,26,81,998,2.03
2012-08-05,29,26,25,84,1000,0.0
2012-08-06,30,25,24,83,1002,0.0
2012-08-07,30,26,26,89,1002,0.25
2012-08-08,30,26,26,88,1001,1.0
2012-08-09,30,26,26,83,999,0.0
2012-08-10,31,26,25,81,1000,0.0
2012-08-11,31,25,25,85,1003,2.03
2012-08-12,26,25,24,92,1003,3.05
2012-08-13,29,25,25,91,1002,13.97
2012-08-14,30,25,26,89,1002,1.02
2012-08-15,30,27,26,86,1002,1.02
2012-08-16,32,26,26,82,1000,0.0
2012-08-17,32,26,26,82,1000,0.0
2012-08-18,32,26,26,81,1000,0.0
2012-08-19,31,26,26,86,1003,30.0
2012-08-20,29,26,26,91,1004,2.03
2012-08-21,31,26,26,85,1005,1.02
2012-08-22,32,27,26,82,1006,0.0
2012-08-23,32,25,26,83,1004,4.06
2012-08-24,32,27,26,82,1002,0.0
2012-08-25,32,27,27,85,1003,0.0
2012-08-26,32,27,26,83,1003,3.05
2012-08-27,32,26,26,83,1003,0.76
2012-08-28,32,26,26,85,1003,5.08
2012-08-29,32,26,26,85,1004,0.25
2012-08-30,32,26,26,81,1005,1.0
2012-08-31,31,26,26,80,1004,0.0
2012-09-01,31,27,26,83,1002,2.0
2012-09-02,32,26,26,82,1002,50.04
2012-09-03,31,26,26,84,1003,2.03
2012-09-04,29,24,24,87,1005,4.06
2012-09-05,30,25,25,84,1007,1.02
2012-09-06,31,25,26,86,1007,0.0
2012-09-07,33,26,27,83,1004,0.0
2012-09-08,31,26,27,87,1003,4.06
2012-09-09,30,26,26,84,1005,0.51
2012-09-10,31,27,25,80,1005,0.51
2012-09-11,29,25,26,90,1005,0.51
2012-09-12,30,26,26,91,1005,7.11
2012-09-13,29,26,26,90,1005,2.0
2012-09-14,31,26,26,85,1003,0.0
2012-09-15,31,26,26,81,1001,0.0
2012-09-16,32,26,26,81,1004,0.0
2012-09-17,32,27,26,82,1006,0.0
2012-09-18,31,26,26,83,1007,0.0
2012-09-19,31,26,26,81,1006,0.0
2012-09-20,31,26,26,83,1007,0.25
2012-09-21,31,26,26,80,1007,0.0
2012-09-22,31,26,26,82,1007,0.51
2012-09-23,31,26,26,84,1005,0.0
2012-09-24,31,26,27,85,1004,13.97
2012-09-25,33,26,26,86,1005,5.08
2012-09-26,33,26,26,85,1007,0.76
2012-09-27,33,26,26,80,1008,0.0
2012-09-28,33,27,27,84,1007,6.0
2012-09-29,32,26,26,82,1008,0.0
2012-09-30,29,27,26,89,1009,1.0
2012-10-01,32,26,26,84,1009,21.0
2012-10-02,31,25,25,90,1009,59.0
2012-10-03,27,25,25,94,1007,48.0
2012-10-04,31,25,25,92,1005,122.0
2012-10-05,26,24,24,96,1006,212.0
2012-10-06,31,25,25,83,1008,0.0
2012-10-07,33,26,26,81,1008,0.0
2012-10-08,33,25,25,83,1008,60.0
2012-10-09,32,25,25,82,1007,60.0
2012-10-10,29,25,25,89,1007,2.0
2012-10-11,27,25,24,93,1006,62.0
2012-10-12,30,24,25,87,1009,26.0
2012-10-13,30,25,25,85,1010,23.0
2012-10-14,31,25,25,83,1010,0.0
2012-10-15,30,25,25,85,1011,0.0
2012-10-16,31,25,26,84,1011,0.0
2012-10-17,32,26,26,83,1010,0.0
2012-10-18,32,26,26,82,1011,0.0
2012-10-19,33,26,26,83,1011,0.0
2012-10-20,32,25,26,82,1011,0.0
2012-10-21,32,25,25,79,1012,0.0
2012-10-22,33,25,24,78,1011,0.0
2012-10-23,32,24,24,82,1010,0.0
2012-10-24,31,24,23,74,1009,0.0
2012-10-25,31,23,21,70,1009,0.0
2012-10-26,31,21,19,68,1010,0.0
2012-10-27,29,20,19,69,1009,0.0
2012-10-28,30,21,22,73,1009,0.0
2012-10-29,32,23,23,76,1009,0.0
2012-10-30,32,24,24,81,1009,0.0
2012-10-31,32,23,25,81,1010,0.0
2012-11-01,31,25,24,79,1010,0.0
2012-11-02,31,25,24,78,1010,0.0
2012-11-03,28,24,23,83,1010,0.0
2012-11-04,27,23,22,84,1010,0.0
2012-11-05,29,22,23,80,1009,0.0
2012-11-06,31,25,24,82,1010,0.0
2012-11-07,28,23,24,89,1009,0.25
2012-11-08,28,23,23,83,1009,0.25
2012-11-09,29,23,19,66,1010,0.0
2012-11-10,28,19,17,63,1011,0.0
2012-11-11,27,20,19,77,1011,0.0
2012-11-12,27,19,18,71,1011,0.0
2012-11-13,28,20,17,68,1012,0.0
2012-11-14,28,19,18,70,1010,0.0
2012-11-15,28,18,19,75,1011,0.0
2012-11-16,29,22,22,82,1011,0.0
2012-11-17,31,22,23,81,1010,0.0
2012-11-18,31,24,23,79,1010,0.0
2012-11-19,32,23,23,77,1010,0.0
2012-11-20,30,23,24,85,1011,0.0
2012-11-21,29,24,23,80,1011,0.0
2012-11-22,29,21,17,58,1011,0.0
2012-11-23,27,17,15,63,1011,0.0
2012-11-24,27,19,15,61,1010,0.0
2012-11-25,27,16,15,65,1012,0.0
2012-11-26,27,16,15,66,1011,0.0
2012-11-27,27,15,13,61,1011,0.0
2012-11-28,26,16,14,63,1012,0.0
2012-11-29,27,16,16,76,1009,0.0
2012-11-30,27,15,17,75,1009,0.0
2012-12-01,28,17,17,71,1011,0.0
2012-12-02,27,17,16,68,1012,0.0
2012-12-03,27,16,17,76,1012,0.0
2012-12-04,26,17,18,75,1011,0.0
2012-12-05,27,16,17,75,1012,0.0
2012-12-06,26,15,17,75,1012,0.0
2012-12-07,26,15,16,71,1011,0.0
2012-12-08,26,15,16,72,1011,0.0
2012-12-09,25,16,17,78,1010,0.0
2012-12-10,27,14,17,84,1011,0.0
2012-12-11,27,16,17,78,1012,0.0
2012-12-12,25,17,17,81,1012,0.0
2012-12-13,26,16,18,80,1013,0.0
2012-12-14,28,18,18,73,1015,0.0
2012-12-15,27,17,18,71,1014,0.0
2012-12-16,26,17,16,64,1015,0.0
2012-12-17,25,15,17,72,1013,0.0
2012-12-18,25,18,16,71,1013,0.0
2012-12-19,23,15,17,87,1012,0.0
2012-12-20,24,14,15,76,1012,0.0
2012-12-21,24,14,13,67,1013,0.0
2012-12-22,23,12,13,67,1012,0.0
2012-12-23,22,13,14,83,1013,0.0
2012-12-24,24,13,16,81,1012,0.0
2012-12-25,19,13,15,91,1012,0.0
2012-12-26,21,14,13,75,1013,0.0
2012-12-27,21,12,13,78,1011,0.0
2012-12-28,20,12,13,85,1011,0.0
2012-12-29,29,10,12,87,1011,0.0
2012-12-30,22,11,12,73,1011,0.0
2012-12-31,23,12,12,68,1011,0.0
2013-01-01,23,12,13,68,1012,0.0
2013-01-02,24,12,13,73,1012,0.0
2013-01-03,25,14,15,80,1013,0.0
2013-01-04,27,14,15,75,1012,0.0
2013-01-05,26,14,14,70,1011,0.0
2013-01-06,26,14,13,64,1012,0.0
2013-01-07,26,15,13,65,1012,0.0
2013-01-08,23,13,12,67,1014,0.0
2013-01-09,18,9,8,65,1014,0.0
2013-01-10,19,9,10,74,1013,0.0
2013-01-11,21,9,9,71,1014,0.0
2013-01-12,19,9,12,80,1014,0.0
2013-01-13,24,11,11,70,1012,0.0
2013-01-14,25,11,13,75,1012,0.0
2013-01-15,25,13,14,73,1014,0.0
2013-01-16,26,13,13,70,1015,0.0
2013-01-17,28,13,13,61,1015,0.0
2013-01-18,29,14,14,67,1015,0.0
2013-01-19,29,14,16,64,1014,0.0
2013-01-20,28,16,16,63,1014,0.0
2013-01-21,26,17,16,67,1016,0.0
2013-01-22,25,16,13,59,1016,0.0
2013-01-23,26,15,13,62,1015,0.0
2013-01-24,26,13,13,64,1014,0.0
2013-01-25,26,15,12,59,1015,0.0
2013-01-26,24,12,11,61,1015,0.0
2013-01-27,22,12,11,63,1015,0.0
2013-01-28,25,13,12,63,1014,0.0
2013-01-29,26,13,14,75,1013,0.0
2013-01-30,26,13,14,72,1014,0.0
2013-01-31,27,14,14,68,1015,0.0
2013-02-01,26,15,16,75,1015,0.0
2013-02-02,28,15,16,72,1014,0.0
2013-02-03,27,15,16,73,1013,0.0
2013-02-04,28,16,16,70,1015,0.0
2013-02-05,28,15,16,66,1015,0.0
2013-02-06,30,16,15,61,1013,0.0
2013-02-07,31,17,15,56,1011,0.0
2013-02-08,29,18,17,64,1011,0.0
2013-02-09,28,20,15,56,1012,0.0
2013-02-10,27,16,12,49,1011,0.0
2013-02-11,28,19,13,52,1011,0.0
2013-02-12,29,15,15,59,1011,0.0
2013-02-13,24,19,17,73,1011,0.0
2013-02-14,30,18,16,57,1011,0.0
2013-02-15,32,17,9,41,1011,0.0
2013-02-16,32,17,11,42,1009,0.0
2013-02-17,28,19,17,66,1009,0.25
2013-02-18,25,18,17,76,1011,0.0
2013-02-19,26,16,15,66,1012,0.0
2013-02-20,26,16,15,61,1011,0.0
2013-02-21,29,18,14,56,1012,0.0
2013-02-22,30,18,16,60,1012,0.0
2013-02-23,31,17,17,63,1012,0.0
2013-02-24,31,18,17,62,1012,0.0
2013-02-25,32,18,17,56,1012,0.0
2013-02-26,32,20,15,48,1012,0.0
2013-02-27,32,21,16,55,1011,0.0
2013-02-28,32,19,16,53,1009,0.0
2013-03-01,32,20,13,47,1010,0.0
2013-03-02,30,18,14,50,1012,0.0
2013-03-03,32,19,16,57,1012,0.0
2013-03-04,31,17,17,57,1012,0.0
2013-03-05,32,17,17,66,1013,0.0
2013-03-06,32,18,17,59,1013,0.0
2013-03-07,31,18,19,69,1013,0.0
2013-03-08,31,18,18,65,1012,0.0
2013-03-09,31,18,19,70,1010,0.0
2013-03-10,32,19,21,79,1009,0.0
2013-03-11,29,20,22,81,1010,0.0
2013-03-12,28,23,23,84,1010,0.0
2013-03-13,30,22,23,84,1011,0.0
2013-03-14,30,23,23,81,1012,0.0
2013-03-15,32,23,23,80,1012,0.0
2013-03-16,33,22,22,73,1013,0.0
2013-03-17,29,22,22,79,1011,0.0
2013-03-18,31,21,18,63,1009,0.0
2013-03-19,31,20,21,75,1010,0.0
2013-03-20,30,20,22,77,1010,0.0
2013-03-21,30,22,23,80,1008,0.0
2013-03-22,29,23,24,83,1007,0.0
2013-03-23,30,22,23,82,1009,3.05
2013-03-24,31,23,24,78,1009,0.0
2013-03-25,30,23,24,83,1007,0.0
2013-03-26,30,24,24,83,1007,0.0
2013-03-27,32,25,25,83,1007,0.0
2013-03-28,30,24,24,82,1008,0.0
2013-03-29,31,25,24,79,1008,0.0
2013-03-30,32,24,22,74,1007,0.0
2013-03-31,32,23,24,80,1008,0.0
2013-04-01,31,24,25,80,1008,0.0
2013-04-02,32,25,24,77,1009,0.0
2013-04-03,33,25,25,79,1007,0.0
2013-04-04,32,25,26,82,1004,0.0
2013-04-05,33,27,24,71,1004,0.0
2013-04-06,32,26,25,79,1005,0.0
2013-04-07,32,24,24,76,1005,0.0
2013-04-08,31,24,24,79,1006,0.0
2013-04-09,32,24,24,79,1007,0.0
2013-04-10,31,25,24,79,1007,0.0
2013-04-11,31,26,24,79,1007,0.0
2013-04-12,31,26,24,77,1009,0.0
2013-04-13,31,25,25,79,1009,0.0
2013-04-14,32,25,25,80,1008,0.0
2013-04-15,32,27,24,71,1006,0.0
2013-04-16,32,20,22,80,1005,24.89
2013-04-17,31,21,21,73,1005,11.94
2013-04-18,28,23,22,74,1006,0.0
2013-04-19,33,23,22,67,1006,0.0
2013-04-20,33,24,23,70,1007,0.0
2013-04-21,32,24,22,68,1008,0.0
2013-04-22,31,24,21,65,1009,0.0
2013-04-23,32,22,20,61,1010,0.0
2013-04-24,33,24,22,63,1009,0.0
2013-04-25,33,25,23,67,1009,0.0
2013-04-26,33,25,26,78,1008,0.0
2013-04-27,31,27,26,80,1007,0.0
2013-04-28,31,22,24,79,1006,7.11
2013-04-29,31,24,26,82,1007,0.0
2013-04-30,32,27,26,78,1007,0.0
2013-05-01,32,27,26,78,1004,0.0
2013-05-02,32,28,26,79,1003,0.0
2013-05-03,32,28,25,76,1003,4.06
2013-05-04,28,22,23,91,1006,151.89
2013-05-05,28,22,21,88,1008,0.0
2013-05-06,28,22,22,92,1007,97.03
2013-05-07,29,22,23,84,1006,20.07
2013-05-08,31,24,24,84,1005,27.94
2013-05-09,31,25,24,81,1005,0.0
2013-05-10,31,25,26,84,1005,40.89
2013-05-11,32,25,26,82,1004,1.02
2013-05-12,32,27,27,86,1006,0.0
2013-05-13,33,26,25,75,1005,0.0
2013-05-14,29,25,24,85,1004,35.05
2013-05-15,30,25,25,90,1002,12.95
2013-05-16,29,25,24,90,999,0.0
2013-05-17,32,24,26,83,1006,0.0
2013-05-18,32,28,27,82,1006,0.0
2013-05-19,32,27,26,80,1005,0.0
2013-05-20,32,27,26,81,1004,12.95
2013-05-21,26,24,24,90,1003,3.05
2013-05-22,27,23,24,93,1003,1.02
2013-05-23,29,24,25,88,1002,0.51
2013-05-24,28,23,24,90,1002,18.03
2013-05-25,25,25,24,92,1002,3.05
2013-05-26,31,25,25,83,1002,0.25
2013-05-27,32,26,26,82,1002,0.51
2013-05-28,32,26,26,81,1001,2.03
2013-05-29,30,26,25,85,1001,5.08
2013-05-30,31,26,24,81,1002,5.08
2013-05-31,29,24,24,88,1005,7.11
2013-06-01,31,26,26,80,1005,0.0
2013-06-02,32,27,26,78,1003,0.0
2013-06-03,32,26,26,87,1002,3.05
2013-06-04,32,26,26,77,1003,0.0
2013-06-05,32,27,26,78,1003,0.0
2013-06-06,32,27,25,78,1003,0.0
2013-06-07,30,27,26,84,1003,0.0
2013-06-08,32,26,25,76,1001,2.03
2013-06-09,29,25,25,88,1000,0.51
2013-06-10,32,27,26,81,999,9.91
2013-06-11,32,26,26,85,1000,0.0
2013-06-12,33,26,26,84,1000,19.05
2013-06-13,33,26,25,78,1000,1.02
2013-06-14,32,27,25,80,1000,0.0
2013-06-15,33,27,26,78,1001,0.0
2013-06-16,32,28,26,79,1002,4.06
2013-06-17,32,27,25,74,1001,0.0
2013-06-18,33,27,26,77,999,0.0
2013-06-19,34,27,27,77,999,0.0
2013-06-20,33,28,26,77,999,0.0
2013-06-21,33,27,26,79,998,0.0
2013-06-22,32,27,26,78,998,2.03
2013-06-23,34,27,26,74,997,0.0
2013-06-24,34,27,26,75,999,0.0
2013-06-25,28,26,26,90,1003,25.91
2013-06-26,31,27,27,91,1004,19.05
2013-06-27,28,26,26,98,1002,26.92
2013-06-28,28,26,26,97,1001,7.87
2013-06-29,28,25,26,97,999,23.88
2013-06-30,28,25,26,96,1000,7.87
2013-07-01,32,25,26,87,999,0.0
2013-07-02,31,27,26,81,999,0.0
2013-07-03,31,26,26,84,1001,4.06
2013-07-04,29,26,26,87,1002,2.03
2013-07-05,31,26,26,82,1003,0.0
2013-07-06,31,26,26,81,1004,0.0
2013-07-07,32,26,26,80,1004,0.0
2013-07-08,32,27,26,79,1003,0.0
2013-07-09,31,27,26,81,1001,0.0
2013-07-10,32,27,26,77,999,0.0
2013-07-11,32,27,25,78,1001,1.02
2013-07-12,31,26,24,81,1003,0.25
2013-07-13,30,25,25,88,1003,0.0
2013-07-14,31,26,25,78,1000,0.0
2013-07-15,32,27,26,79,1000,0.0
2013-07-16,33,27,26,79,1001,1.02
2013-07-17,31,27,25,79,1002,0.51
2013-07-18,31,26,25,85,999,2.03
2013-07-19,30,26,26,85,999,4.06
2013-07-20,30,27,26,84,1000,3.05
2013-07-21,31,26,25,80,998,0.0
2013-07-22,33,28,26,76,998,0.0
2013-07-23,33,28,26,79,999,0.0
2013-07-24,32,27,26,79,999,0.0
2013-07-25,31,27,25,82,996,18.03
2013-07-26,29,26,25,88,998,25.91
2013-07-27,28,26,26,92,1002,17.02
2013-07-28,27,26,25,94,1002,16.0
2013-07-29,29,25,25,86,998,2.03
2013-07-30,32,27,26,80,996,1.02
2013-07-31,31,26,25,84,999,4.06
2013-08-01,30,26,25,81,1001,0.0
2013-08-02,32,26,26,80,1002,0.0
2013-08-03,31,27,25,80,1002,0.0
2013-08-04,31,27,25,78,1001,1.02
2013-08-05,31,27,25,77,1003,0.0
2013-08-06,30,27,26,86,1004,2.03
2013-08-07,31,27,26,82,1005,2.03
2013-08-08,31,27,26,81,1004,0.0
2013-08-09,31,27,26,79,1003,0.0
2013-08-10,31,27,26,87,1004,7.87
2013-08-11,29,26,26,84,1005,2.03
2013-08-12,30,26,26,82,1004,0.0
2013-08-13,28,26,26,91,1003,0.0
2013-08-14,32,26,26,82,1003,0.0
2013-08-15,31,26,26,85,1004,6.1
2013-08-16,30,26,26,86,1003,2.03
2013-08-17,27,25,25,93,1001,7.87
2013-08-18,28,25,25,93,1000,1.02
2013-08-19,28,25,25,90,1000,10.92
2013-08-20,27,25,25,94,999,17.02
2013-08-21,31,26,26,83,1001,0.0
2013-08-22,31,26,25,80,1001,1.02
2013-08-23,32,26,26,81,1003,0.0
2013-08-24,32,27,25,77,1001,0.0
2013-08-25,30,26,25,82,1001,0.0
2013-08-26,30,26,25,83,1000,0.0
2013-08-27,27,25,24,90,1002,7.87
2013-08-28,29,26,25,90,1006,8.89
2013-08-29,30,26,26,87,1006,5.08
2013-08-30,31,26,26,86,1005,7.11
2013-08-31,31,27,26,83,1005,2.03
2013-09-01,31,27,26,81,1005,0.0
2013-09-02,31,26,25,84,1006,3.05
2013-09-03,30,26,25,84,1005,2.03
2013-09-04,29,26,26,91,1004,7.11
2013-09-05,31,26,26,88,1004,0.0
2013-09-06,31,26,26,84,1005,0.0
2013-09-07,29,26,25,89,1007,6.1
2013-09-08,29,26,25,85,1008,2.03
2013-09-09,29,25,25,88,1008,11.94
2013-09-10,31,26,26,82,1006,0.0
2013-09-11,30,26,26,88,1006,17.02
2013-09-12,32,26,26,81,1006,0.0
2013-09-13,33,26,26,80,1006,13.97
2013-09-14,30,26,25,84,1005,0.51
2013-09-15,33,24,25,80,1002,27.94
2013-09-16,32,26,26,82,1001,0.0
2013-09-17,32,26,26,83,1001,18.03
2013-09-18,32,27,25,79,1001,0.0
2013-09-19,31,27,25,78,1002,1.02
2013-09-20,32,26,25,78,1004,0.0
2013-09-21,39,27,26,76,1004,0.0
2013-09-22,33,28,26,79,1002,0.0
2013-09-23,33,28,26,77,1001,0.0
2013-09-24,33,26,26,79,1003,0.0
2013-09-25,32,28,26,78,1006,0.25
2013-09-26,31,27,26,83,1006,3.05
2013-09-27,31,27,26,85,1005,4.06
2013-09-28,29,27,25,85,1004,0.0
2013-09-29,30,26,25,85,1003,10.92
2013-09-30,32,25,25,84,1003,9.91
2013-10-01,31,24,25,85,1006,0.0
2013-10-02,31,26,25,83,1008,5.08
2013-10-03,30,26,24,81,1009,2.03
2013-10-04,27,25,24,93,1009,0.0
2013-10-05,27,25,24,92,1007,0.0
2013-10-06,27,25,25,92,1008,0.0
2013-10-07,28,25,24,86,1008,0.0
2013-10-08,31,25,24,83,1008,4.06
2013-10-09,30,24,24,80,1009,0.0
2013-10-10,33,26,24,76,1009,0.0
2013-10-11,32,26,25,79,1008,0.0
2013-10-12,32,26,25,80,1008,0.0
2013-10-13,32,26,25,80,1009,0.0
2013-10-14,32,26,25,79,1009,0.0
2013-10-15,31,26,24,79,1009,0.0
2013-10-16,31,26,24,75,1008,0.0
2013-10-17,32,26,25,80,1008,0.0
2013-10-18,32,26,26,79,1009,0.0
2013-10-19,33,27,26,82,1010,0.0
2013-10-20,31,26,25,81,1010,0.76
2013-10-21,30,25,24,84,1009,0.0
2013-10-22,27,24,24,93,1011,4.06
2013-10-23,28,25,24,86,1012,0.25
2013-10-24,31,25,24,80,1010,0.0
2013-10-25,28,25,24,91,1011,7.11
2013-10-26,24,23,23,95,1011,30.99
2013-10-27,25,22,22,93,1007,0.0
2013-10-28,28,23,23,83,1009,0.0
2013-10-29,29,23,23,84,1011,0.0
2013-10-30,29,23,24,83,1012,0.0
2013-10-31,29,23,23,82,1013,0.0
2013-11-01,29,22,23,86,1012,0.0
2013-11-02,28,21,21,79,1012,0.0
2013-11-03,29,20,21,76,1013,0.0
2013-11-04,30,23,21,74,1014,0.0
2013-11-05,29,22,22,79,1014,0.0
2013-11-06,29,20,21,80,1014,0.0
2013-11-07,29,20,21,74,1012,0.0
2013-11-08,29,21,20,73,1011,0.0
2013-11-09,29,21,21,76,1010,0.0
2013-11-10,29,21,21,79,1009,0.0
2013-11-11,28,20,20,73,1008,0.0
2013-11-12,29,20,21,76,1009,0.0
2013-11-13,28,22,21,73,1009,0.0
2013-11-14,28,20,21,72,1010,0.0
2013-11-15,29,23,22,80,1011,0.0
2013-11-16,30,21,21,74,1012,0.0
2013-11-17,29,21,19,68,1011,0.0
2013-11-18,29,22,21,76,1012,0.0
2013-11-19,29,20,19,70,1012,0.0
2013-11-20,26,20,18,72,1011,0.0
2013-11-21,26,19,19,77,1011,0.0
2013-11-22,29,19,17,65,1011,0.0
2013-11-23,28,18,18,67,1012,0.0
2013-11-24,27,18,16,67,1012,0.0
2013-11-25,27,18,17,69,1009,0.0
2013-11-26,26,18,17,75,1009,0.0
2013-11-27,28,19,19,75,1011,0.0
2013-11-28,29,22,22,75,1013,0.0
2013-11-29,29,23,20,69,1013,0.0
2013-11-30,28,22,19,73,1012,0.0
2013-12-01,28,20,18,69,1012,0.0
2013-12-02,27,19,19,73,1012,0.0
2013-12-03,27,20,21,77,1012,0.0
2013-12-04,28,21,21,80,1012,0.0
2013-12-05,27,20,19,75,1010,0.0
2013-12-06,27,19,18,72,1010,0.0
2013-12-07,27,18,19,75,1011,0.0
2013-12-08,27,20,19,77,1010,0.0
2013-12-09,28,21,19,74,1010,0.0
2013-12-10,28,20,19,73,1009,0.0
2013-12-11,27,20,18,71,1010,0.0
2013-12-12,26,17,18,74,1010,0.0
2013-12-13,25,18,17,73,1010,0.0
2013-12-14,25,16,16,76,1010,0.0
2013-12-15,25,16,15,70,1011,0.0
2013-12-16,26,16,13,57,1013,0.0
2013-12-17,25,13,14,69,1012,0.0
2013-12-18,25,13,14,70,1011,0.0
2013-12-19,24,13,15,75,1013,0.0
2013-12-20,25,14,16,74,1014,0.0
2013-12-21,24,14,16,75,1016,0.0
2013-12-22,25,16,15,67,1016,0.0
2013-12-23,26,14,15,72,1016,0.0
2013-12-24,26,17,17,73,1016,0.0
2013-12-25,25,14,15,70,1015,0.0
2013-12-26,24,14,16,79,1015,0.0
2013-12-27,23,14,16,83,1015,0.0
2013-12-28,23,14,15,84,1015,0.0
2013-12-29,24,13,14,75,1014,0.0
2013-12-30,26,14,14,71,1016,0.0
2013-12-31,24,13,12,63,1016,0.0
2014-01-01,24,13,13,62,1014,0.0
2014-01-02,27,13,14,63,1015,0.0
2014-01-03,26,15,14,64,1015,0.0
2014-01-04,26,15,14,67,1013,0.0
2014-01-05,24,13,14,71,1011,0.0
2014-01-06,24,13,13,64,1013,0.0
2014-01-07,26,14,13,61,1014,0.0
2014-01-08,24,14,10,53,1015,0.0
2014-01-09,24,15,12,63,1013,0.0
2014-01-10,23,12,12,67,1014,0.0
2014-01-11,25,13,14,69,1015,0.0
2014-01-12,24,13,14,70,1016,0.0
2014-01-13,26,15,13,63,1015,0.0
2014-01-14,24,12,14,72,1014,0.0
2014-01-15,22,15,16,84,1016,0.0
2014-01-16,21,15,14,80,1016,0.0
2014-01-17,21,15,14,81,1016,0.0
2014-01-18,26,14,17,77,1017,0.0
2014-01-19,25,14,16,70,1018,0.0
2014-01-20,28,16,14,60,1018,0.0
2014-01-21,25,16,16,74,1017,0.0
2014-01-22,29,17,15,68,1017,0.0
2014-01-23,29,15,14,59,1015,0.0
2014-01-24,29,16,16,64,1014,0.0
2014-01-25,28,17,14,54,1013,0.0
2014-01-26,25,18,14,58,1014,0.0
2014-01-27,25,17,13,59,1014,0.0
2014-01-28,22,14,14,72,1014,0.0
2014-01-29,26,14,15,73,1015,0.0
2014-01-30,27,15,15,66,1015,0.0
2014-01-31,28,15,16,68,1015,0.0
2014-02-01,25,17,17,72,1014,0.0
2014-02-02,26,19,17,68,1011,0.0
2014-02-03,26,18,16,66,1009,0.0
2014-02-04,26,15,14,65,1009,0.0
2014-02-05,27,17,14,63,1009,0.0
2014-02-06,29,17,15,59,1009,0.0
2014-02-07,28,18,14,55,1009,0.0
2014-02-08,27,16,18,74,1008,0.0
2014-02-09,27,17,19,79,1008,0.0
2014-02-10,28,22,20,78,1009,0.0
2014-02-11,28,21,22,82,1008,0.0
2014-02-12,27,22,18,71,1009,0.0
2014-02-13,30,19,13,48,1013,0.0
2014-02-14,29,17,12,52,1012,0.0
2014-02-15,28,15,14,56,1011,0.0
2014-02-16,25,17,17,78,1012,13.97
2014-02-17,21,15,18,89,1013,0.0
2014-02-18,23,16,11,58,1016,0.0
2014-02-19,24,15,13,63,1013,0.0
2014-02-20,28,15,14,56,1013,0.0
2014-02-21,28,16,15,64,1014,0.0
2014-02-22,28,16,13,56,1015,0.0
2014-02-23,29,16,16,61,1015,0.0
2014-02-24,30,18,16,53,1015,0.0
2014-02-25,30,20,14,48,1014,0.0
2014-02-26,29,21,14,47,1013,0.0
2014-02-27,30,17,15,52,1013,0.0
2014-02-28,29,17,16,52,1014,0.0
2014-03-01,30,19,16,52,1013,0.0
2014-03-02,32,18,15,48,1012,0.0
2014-03-03,30,19,15,44,1013,0.0
2014-03-04,28,19,16,56,1013,0.0
2014-03-05,30,18,15,53,1013,0.0
2014-03-06,30,17,12,42,1013,0.0
2014-03-07,30,20,13,46,1014,0.0
2014-03-08,30,17,12,42,1014,0.0
2014-03-09,31,17,12,39,1013,0.0
2014-03-10,30,17,14,50,1013,0.0
2014-03-11,31,18,15,52,1014,0.0
2014-03-12,30,19,17,55,1013,0.0
2014-03-13,30,19,19,62,1012,0.0
2014-03-14,33,21,17,52,1012,0.0
2014-03-15,33,22,17,55,1013,0.0
2014-03-16,31,18,16,51,1014,0.0
2014-03-17,32,18,18,56,1012,0.0
2014-03-18,31,19,22,77,1012,0.0
2014-03-19,30,23,21,73,1011,0.0
2014-03-20,30,20,22,74,1010,1.02
2014-03-21,30,23,23,82,1008,0.0
2014-03-22,30,23,24,85,1008,0.0
2014-03-23,30,19,19,69,1011,0.0
2014-03-24,30,22,22,74,1011,7.87
2014-03-25,29,21,22,74,1011,1.02
2014-03-26,30,23,23,78,1010,0.0
2014-03-27,31,23,24,83,1009,0.0
2014-03-28,30,24,25,85,1009,0.0
2014-03-29,30,24,25,83,1007,0.0
2014-03-30,31,24,25,85,1006,0.0
2014-03-31,31,25,26,82,1006,0.0
2014-04-01,31,25,26,85,1006,0.0
2014-04-02,31,26,26,82,1006,0.0
2014-04-03,31,26,25,80,1008,0.0
2014-04-04,30,22,19,64,1008,10.92
2014-04-05,31,22,24,78,1009,0.0
2014-04-06,30,25,24,81,1010,7.11
2014-04-07,30,22,25,82,1009,0.0
2014-04-08,31,25,25,81,1008,0.0
2014-04-09,31,25,26,83,1009,2.03
2014-04-10,32,26,25,76,1009,0.0
2014-04-11,32,26,26,82,1009,0.0
2014-04-12,33,24,23,71,1009,0.0
2014-04-13,35,26,23,65,1009,0.0
2014-04-14,35,25,23,64,1009,0.0
2014-04-15,35,23,23,64,1008,0.0
2014-04-16,33,25,26,76,1007,0.0
2014-04-17,32,25,26,81,1007,0.0
2014-04-18,32,25,26,80,1009,0.0
2014-04-19,33,26,26,74,1007,0.0
2014-04-20,36,26,24,63,1006,0.0
2014-04-21,39,26,21,45,1007,0.0
2014-04-22,39,25,18,42,1008,0.0
2014-04-23,37,24,23,58,1007,0.0
2014-04-24,34,25,27,76,1006,0.0
2014-04-25,33,27,27,78,1007,0.0
2014-04-26,33,27,26,74,1007,0.0
2014-04-27,33,27,26,74,1008,0.0
2014-04-28,33,23,24,67,1008,2.03
2014-04-29,33,27,27,77,1007,0.0
2014-04-30,34,22,24,69,1008,13.97
2014-05-01,33,26,26,75,1006,0.0
2014-05-02,32,22,24,75,1008,7.87
2014-05-03,32,24,24,69,1008,10.92
2014-05-04,32,23,22,69,1007,0.0
2014-05-05,31,25,23,72,1008,0.25
2014-05-06,32,26,25,76,1009,0.0
2014-05-07,33,27,26,75,1008,0.0
2014-05-08,32,24,24,74,1006,1.02
2014-05-09,32,27,27,80,1004,0.51
2014-05-10,32,28,27,79,1005,0.0
2014-05-11,30,24,26,90,1006,0.0
2014-05-12,32,23,26,82,1006,0.0
2014-05-13,32,28,27,79,1006,0.0
2014-05-14,32,28,27,80,1005,0.0
2014-05-15,33,27,27,81,1003,2.03
2014-05-16,33,26,27,81,1004,2.03
2014-05-17,33,27,27,76,1006,0.0
2014-05-18,51,27,27,74,1006,0.0
2014-05-19,33,28,27,76,1006,0.0
2014-05-20,33,28,26,73,1005,0.0
2014-05-21,33,27,26,76,1003,0.0
2014-05-22,33,28,26,72,1002,0.0
2014-05-23,33,28,26,71,1003,0.0
2014-05-24,33,26,26,80,1006,0.0
2014-05-25,33,26,26,75,1007,1.02
2014-05-26,33,26,26,75,1008,1.02
2014-05-27,33,27,26,74,1007,0.0
2014-05-28,32,26,26,77,1006,1.02
2014-05-29,31,26,26,79,1006,3.05
2014-05-30,33,27,25,75,1004,0.0
2014-05-31,32,27,26,75,1003,0.0
2014-06-01,32,24,26,77,1005,0.51
2014-06-02,30,24,26,83,1005,21.08
2014-06-03,30,27,26,82,1004,12.95
2014-06-04,31,25,26,85,1003,102.11
2014-06-05,32,25,26,79,1002,4.06
2014-06-06,32,26,26,78,1001,0.0
2014-06-07,33,26,26,74,1000,0.0
2014-06-08,33,28,27,77,999,0.0
2014-06-09,33,28,26,76,999,0.0
2014-06-10,33,28,27,77,1000,0.0
2014-06-11,33,28,26,80,999,0.0
2014-06-12,33,26,27,77,998,0.0
2014-06-13,33,28,26,85,997,58.93
2014-06-14,33,24,26,77,998,14.99
2014-06-15,31,25,26,83,999,0.0
2014-06-16,29,24,26,88,999,0.25
2014-06-17,32,24,27,80,998,26.92
2014-06-18,31,24,26,84,998,12.95
2014-06-19,28,26,26,91,996,21.08
2014-06-20,28,25,26,93,997,0.76
2014-06-21,28,25,26,94,999,21.08
2014-06-22,27,24,24,96,1002,54.1
2014-06-23,28,23,24,94,1001,104.9
2014-06-24,29,23,25,87,999,0.76
2014-06-25,32,24,26,87,1000,0.0
2014-06-26,28,25,25,87,1002,3.05
2014-06-27,31,25,26,83,1005,3.05
2014-06-28,32,25,26,82,1004,0.51
2014-06-29,28,25,26,95,1002,38.1
2014-06-30,32,24,26,77,1000,1.02
2014-07-01,31,24,26,80,1001,3.05
2014-07-02,28,27,26,90,1001,20.07
2014-07-03,29,23,26,90,999,5.08
2014-07-04,27,25,26,91,1000,1.02
2014-07-05,30,25,26,85,1003,0.0
2014-07-06,32,26,27,84,1005,0.0
2014-07-07,31,26,27,82,1003,1.02
2014-07-08,32,27,26,81,1001,0.0
2014-07-09,31,27,27,82,1000,0.0
2014-07-10,32,27,26,75,999,0.0
2014-07-11,33,26,26,80,999,8.89
2014-07-12,34,26,26,76,998,0.0
2014-07-13,32,27,26,77,1000,3.05
2014-07-14,33,27,26,76,1000,3.05
2014-07-15,32,27,25,79,1000,4.06
2014-07-16,29,27,26,87,1002,23.11
2014-07-17,29,25,26,87,1001,1.02
2014-07-18,31,26,26,82,999,1.02
2014-07-19,31,26,26,83,997,0.51
2014-07-20,31,25,26,86,996,11.94
2014-07-21,27,25,25,93,999,18.03
2014-07-22,30,23,26,90,1001,0.0
2014-07-23,31,25,26,85,1001,11.94
2014-07-24,31,26,26,84,1001,4.06
2014-07-25,32,26,26,79,1001,0.0
2014-07-26,32,27,26,80,1002,0.51
2014-07-27,31,26,26,80,1003,0.0
2014-07-28,32,26,25,79,1001,0.0
2014-07-29,32,26,25,79,1000,0.0
2014-07-30,32,27,26,76,1001,0.0
2014-07-31,31,26,26,81,1002,0.0
2014-08-01,31,27,26,83,1001,2.03
2014-08-02,32,26,26,84,998,2.03
2014-08-03,31,25,26,83,997,1.02
2014-08-04,27,25,26,92,998,36.07
2014-08-05,29,25,26,89,1001,11.94
2014-08-06,30,25,26,88,1001,0.0
2014-08-07,31,26,26,84,1000,0.0
2014-08-08,31,27,26,80,1000,0.0
2014-08-09,32,26,26,80,1002,0.25
2014-08-10,31,26,26,82,1004,0.25
2014-08-11,31,26,26,81,1004,1.02
2014-08-12,30,24,26,89,1003,3.05
2014-08-13,30,25,27,90,1002,19.05
2014-08-14,30,26,26,87,1003,30.99
2014-08-15,28,26,26,93,1004,38.1
2014-08-16,28,25,26,91,1004,23.11
2014-08-17,27,26,25,91,1005,0.0
2014-08-18,30,25,26,85,1007,7.11
2014-08-19,29,25,26,87,1008,0.0
2014-08-20,29,26,26,87,1006,7.87
2014-08-21,29,24,25,83,1004,3.05
2014-08-22,28,25,25,86,1006,8.89
2014-08-23,29,25,25,86,1008,0.0
2014-08-24,30,25,26,84,1007,3.05
2014-08-25,31,27,26,81,1006,0.0
2014-08-26,31,26,26,82,1005,0.0
2014-08-27,32,27,26,83,1003,0.0
2014-08-28,32,27,26,80,1004,0.0
2014-08-29,33,26,26,77,1003,0.0
2014-08-30,31,26,26,85,1004,9.91
2014-08-31,30,26,24,81,1003,0.0
2014-09-01,31,25,25,82,1004,0.0
2014-09-02,31,25,24,78,1005,0.0
2014-09-03,31,26,26,82,1005,0.0
2014-09-04,31,25,26,85,1003,0.51
2014-09-05,31,26,26,80,1002,0.0
2014-09-06,32,25,24,74,1002,0.0
2014-09-07,31,25,24,74,1005,0.0
2014-09-08,29,25,25,82,1006,0.51
2014-09-09,31,25,26,80,1005,0.0
2014-09-10,31,26,26,79,1006,0.0
2014-09-11,31,26,26,79,1007,0.0
2014-09-12,31,26,25,80,1006,0.0
2014-09-13,31,24,25,80,1005,49.02
2014-09-14,32,26,26,81,1004,16.0
2014-09-15,31,24,26,83,1004,41.91
2014-09-16,32,25,26,80,1001,0.25
2014-09-17,32,26,26,82,1000,0.0
2014-09-18,31,27,26,84,1004,0.0
2014-09-19,30,26,25,83,1006,1.02
2014-09-20,28,26,25,90,1005,23.11
2014-09-21,29,26,26,89,1006,6.1
2014-09-22,30,26,26,83,1006,2.03
2014-09-23,27,24,25,92,1006,23.11
2014-09-24,29,26,26,88,1007,0.0
2014-09-25,30,21,26,85,1008,0.0
2014-09-26,30,25,25,82,1009,5.08
2014-09-27,30,26,24,81,1010,5.08
2014-09-28,32,25,25,78,1010,0.0
2014-09-29,32,26,26,79,1009,0.0
2014-09-30,33,26,26,77,1009,0.0
2014-10-01,32,27,26,82,1009,0.0
2014-10-02,31,26,26,83,1009,0.0
2014-10-03,31,26,26,83,1008,0.0
2014-10-04,32,25,26,84,1008,0.0
2014-10-05,32,26,26,81,1009,0.0
2014-10-06,32,24,26,76,1009,17.02
2014-10-07,32,24,25,79,1008,0.0
2014-10-08,33,24,24,75,1008,0.0
2014-10-09,33,27,25,77,1007,0.0
2014-10-10,32,26,25,77,1007,0.0
2014-10-11,32,26,25,84,1007,20.07
2014-10-12,31,24,25,81,1009,0.0
2014-10-13,31,26,25,78,1011,0.0
2014-10-14,31,26,25,81,1012,0.0
2014-10-15,31,26,25,79,1012,39.88
2014-10-16,31,25,26,83,1011,0.0
2014-10-17,32,26,24,73,1010,0.0
2014-10-18,31,23,23,73,1010,0.0
2014-10-19,29,23,22,70,1010,0.0
2014-10-20,30,23,22,73,1011,0.0
2014-10-21,31,22,22,73,1012,0.0
2014-10-22,32,23,23,75,1012,0.0
2014-10-23,31,24,23,73,1011,0.0
2014-10-24,31,24,23,74,1010,0.0
2014-10-25,31,25,23,77,1010,0.0
2014-10-26,31,24,23,73,1012,0.0
2014-10-27,28,23,22,75,1012,0.0
2014-10-28,25,22,21,78,1011,5.08
2014-10-29,29,21,21,75,1010,0.0
2014-10-30,29,23,22,76,1010,0.0
2014-10-31,30,24,23,75,1010,0.0
2014-11-01,30,23,22,71,1010,0.0
2014-11-02,31,23,22,69,1010,0.0
2014-11-03,31,22,22,69,1010,0.0
2014-11-04,33,23,23,70,1009,0.0
2014-11-05,33,23,23,68,1008,0.0
2014-11-06,32,25,23,71,1007,0.0
2014-11-07,33,26,24,74,1009,0.0
2014-11-08,32,26,24,77,1011,0.0
2014-11-09,33,25,24,73,1012,0.0
2014-11-10,32,25,24,74,1011,0.0
2014-11-11,31,24,19,57,1011,0.0
2014-11-12,31,23,18,57,1011,0.0
2014-11-13,32,22,20,65,1013,0.0
2014-11-14,31,21,21,68,1012,0.0
2014-11-15,29,21,18,60,1011,0.0
2014-11-16,30,19,16,57,1012,0.0
2014-11-17,30,18,16,59,1012,0.0
2014-11-18,30,19,18,66,1013,0.0
2014-11-19,30,19,17,62,1013,0.0
2014-11-20,30,19,18,66,1012,0.0
2014-11-21,29,19,18,68,1011,0.0
2014-11-22,29,19,18,67,1011,0.0
2014-11-23,29,18,16,57,1012,0.0
2014-11-24,29,17,16,67,1012,0.0
2014-11-25,28,17,15,63,1011,0.0
2014-11-26,29,17,14,58,1009,0.0
2014-11-27,28,16,16,65,1011,0.0
2014-11-28,28,17,18,73,1011,0.0
2014-11-29,28,17,17,71,1011,0.0
2014-11-30,28,17,18,71,1010,0.0
2014-12-01,28,17,16,63,1010,0.0
2014-12-02,28,16,17,66,1011,0.0
2014-12-03,29,17,17,65,1011,0.0
2014-12-04,29,17,16,63,1012,0.0
2014-12-05,30,17,17,63,1013,0.0
2014-12-06,28,17,18,70,1012,0.0
2014-12-07,29,18,16,64,1012,0.0
2014-12-08,24,18,18,78,1013,0.0
2014-12-09,26,16,17,74,1014,0.0
2014-12-10,27,16,16,73,1013,0.0
2014-12-11,28,16,16,73,1014,0.0
2014-12-12,26,17,17,76,1015,0.0
2014-12-13,28,16,18,77,1015,0.0
2014-12-14,31,16,18,71,1014,0.0
2014-12-15,29,16,18,70,1013,0.0
2014-12-16,31,18,18,70,1014,0.0
2014-12-17,27,19,16,63,1014,0.0
2014-12-18,25,15,14,65,1016,0.0
2014-12-19,28,15,16,72,1016,0.0
2014-12-20,29,16,14,63,1014,0.0
2014-12-21,28,16,14,59,1013,0.0
2014-12-22,29,16,16,59,1013,0.0
2014-12-23,28,16,15,60,1013,0.0
2014-12-24,29,16,17,70,1014,0.0
2014-12-25,29,16,17,64,1013,0.0
2014-12-26,28,16,16,66,1012,0.0
2014-12-27,22,15,16,80,1014,0.0
2014-12-28,23,14,16,82,1014,0.0
2014-12-29,27,15,15,61,1013,0.0
2014-12-30,26,17,14,62,1012,0.0
2014-12-31,23,20,17,78,1014,0.51
2015-01-01,26,19,19,82,1014,0.76
2015-01-02,30,20,19,73,1014,0.25
2015-01-03,30,20,19,63,1013,0.0
2015-01-04,29,20,21,73,1012,0.0
2015-01-05,26,20,18,69,1012,0.0
2015-01-06,26,16,13,54,1012,0.0
2015-01-07,25,14,12,59,1013,0.0
2015-01-08,24,14,13,63,1013,0.0
2015-01-09,24,16,14,70,1013,0.0
2015-01-10,26,13,14,63,1014,0.0
2015-01-11,24,13,14,68,1015,0.0
2015-01-12,24,13,16,77,1014,0.0
2015-01-13,28,14,16,68,1013,0.0
2015-01-14,28,18,14,57,1014,0.0
2015-01-15,30,17,16,62,1014,0.0
2015-01-16,24,18,18,78,1014,0.51
2015-01-17,27,18,17,69,1012,0.0
2015-01-18,24,16,16,70,1014,0.0
2015-01-19,21,14,14,81,1016,0.0
2015-01-20,23,14,15,79,1017,0.0
2015-01-21,25,14,17,79,1018,0.0
2015-01-22,25,14,16,77,1017,0.0
2015-01-23,26,13,15,71,1015,0.0
2015-01-24,28,15,14,63,1015,0.0
2015-01-25,28,16,12,46,1017,0.0
2015-01-26,27,14,11,46,1016,0.0
2015-01-27,28,14,13,55,1014,0.0
2015-01-28,29,16,15,57,1013,0.0
2015-01-29,30,16,15,56,1013,0.0
2015-01-30,27,18,14,58,1014,0.0
2015-01-31,26,16,10,49,1016,0.0
2015-02-01,25,13,9,47,1016,0.0
2015-02-02,26,13,11,54,1017,0.0
2015-02-03,29,14,13,57,1018,0.0
2015-02-04,29,15,12,52,1016,0.0
2015-02-05,31,17,13,49,1015,0.0
2015-02-06,30,17,14,58,1015,0.0
2015-02-07,24,16,14,64,1014,0.0
2015-02-08,27,14,13,56,1014,0.0
2015-02-09,29,16,14,57,1015,0.0
2015-02-10,29,16,14,56,1015,0.0
2015-02-11,28,18,12,44,1014,0.0
2015-02-12,29,16,12,50,1012,0.0
2015-02-13,27,16,14,61,1012,0.0
2015-02-14,27,16,16,68,1012,0.0
2015-02-15,28,16,14,53,1012,0.0
2015-02-16,27,17,16,68,1014,0.0
2015-02-17,29,18,16,61,1012,0.0
2015-02-18,28,17,18,71,1012,0.0
2015-02-19,28,18,17,64,1013,0.0
2015-02-20,29,18,17,63,1013,0.0
2015-02-21,28,17,18,69,1012,0.0
2015-02-22,32,19,18,65,1013,0.0
2015-02-23,28,18,19,73,1013,0.0
2015-02-24,28,18,19,74,1012,0.0
2015-02-25,29,19,20,72,1010,0.0
2015-02-26,29,18,21,74,1010,0.0
2015-02-27,29,21,21,78,1011,0.0
2015-02-28,29,21,22,77,1012,0.0
2015-03-01,30,23,22,76,1012,0.0
2015-03-02,33,22,23,81,1012,0.0
2015-03-03,31,23,22,73,1010,0.0
2015-03-04,28,23,19,71,1011,0.0
2015-03-05,28,21,20,75,1012,0.0
2015-03-06,29,20,11,43,1014,0.0
2015-03-07,29,19,9,36,1012,0.0
2015-03-08,31,21,14,47,1011,0.0
2015-03-09,32,19,15,48,1013,0.0
2015-03-10,34,21,13,43,1013,0.0
2015-03-11,33,24,10,34,1014,0.0
2015-03-12,32,19,8,33,1013,0.0
2015-03-13,32,19,14,52,1012,0.0
2015-03-14,33,21,18,58,1013,0.0
2015-03-15,31,23,22,69,1014,0.0
2015-03-16,35,23,14,41,1013,0.0
2015-03-17,36,24,16,45,1010,0.0
2015-03-18,34,22,19,54,1010,0.0
2015-03-19,34,22,17,49,1011,0.0
2015-03-20,35,22,12,36,1012,0.0
2015-03-21,33,21,14,42,1010,0.0
2015-03-22,35,19,17,47,1009,0.0
2015-03-23,33,21,19,60,1008,0.0
2015-03-24,32,22,22,71,1009,0.0
2015-03-25,31,24,22,71,1012,2.03
2015-03-26,31,10,21,65,1014,0.0
2015-03-27,32,23,23,74,1014,0.0
2015-03-28,31,23,23,79,1012,0.0
2015-03-29,32,23,23,76,1011,0.0
2015-03-30,32,23,23,72,1010,0.0
2015-03-31,29,23,23,83,1010,0.0
2015-04-01,31,21,22,79,1009,0.0
2015-04-02,31,22,24,75,1007,0.0
2015-04-03,28,22,22,81,1006,29.97
2015-04-04,31,22,25,77,1005,0.0
2015-04-05,32,20,23,74,1007,7.87
2015-04-06,30,22,23,82,1008,38.1
2015-04-07,32,23,23,73,1009,0.76
2015-04-08,31,22,20,63,1010,0.0
2015-04-09,33,23,23,73,1009,0.0
2015-04-10,32,25,25,78,1010,0.0
2015-04-11,34,24,24,70,1011,0.0
2015-04-12,35,26,24,73,1012,0.0
2015-04-13,33,26,26,72,1011,0.0
2015-04-14,34,22,23,71,1011,0.0
2015-04-15,33,26,26,78,1010,0.0
2015-04-16,35,26,22,59,1011,0.0
2015-04-17,32,26,23,66,1008,0.0
2015-04-18,33,25,24,67,1007,0.0
2015-04-19,33,21,24,73,1009,5.08
2015-04-20,33,23,26,75,1010,0.0
2015-04-21,33,26,26,77,1008,0.0
2015-04-22,33,24,24,73,1008,0.0
2015-04-23,32,24,22,69,1009,38.1
2015-04-24,30,22,22,75,1011,0.0
2015-04-25,26,24,22,82,1011,7.11
2015-04-26,33,23,23,76,1011,0.0
2015-04-27,31,25,23,73,1010,0.25
2015-04-28,31,24,24,75,1010,0.0
2015-04-29,32,24,24,69,1008,0.0
2015-04-30,33,25,23,68,1009,4.06
2015-05-01,31,23,24,81,1008,3.05
2015-05-02,32,24,26,78,1008,0.0
2015-05-03,39,25,26,72,1009,0.0
2015-05-04,33,25,27,77,1009,0.0
2015-05-05,33,27,26,75,1007,0.0
2015-05-06,34,26,25,67,1006,0.0
2015-05-07,33,26,24,70,1007,0.0
2015-05-08,35,25,23,66,1006,0.0
2015-05-09,33,27,26,75,1005,0.0
2015-05-10,34,26,24,71,1006,1.02
2015-05-11,33,25,23,74,1008,0.0
2015-05-12,32,24,24,84,1007,0.0
2015-05-13,35,24,24,69,1007,0.0
2015-05-14,33,27,26,74,1008,3.05
2015-05-15,34,28,27,74,1008,0.0
2015-05-16,35,28,26,69,1006,0.0
2015-05-17,34,27,26,75,1005,0.0
2015-05-18,32,25,24,72,1005,2.03
2015-05-19,33,25,24,71,1003,1.02
2015-05-20,33,26,26,76,1002,0.0
2015-05-21,34,27,26,69,1003,0.0
2015-05-22,34,27,28,79,1003,0.0
2015-05-23,33,28,26,78,1003,7.87
2015-05-24,27,23,22,78,1004,0.0
2015-05-25,33,22,24,67,1003,0.0
2015-05-26,34,26,26,74,1005,0.0
2015-05-27,35,27,26,71,1005,0.0
2015-05-28,34,27,26,72,1005,0.0
2015-05-29,34,28,27,74,1005,0.0
2015-05-30,35,27,27,71,1006,0.0
2015-05-31,34,28,27,75,1005,0.0
2015-06-01,34,26,27,72,1005,7.11
2015-06-02,34,27,26,70,1006,0.0
2015-06-03,35,27,26,66,1006,0.0
2015-06-04,35,28,26,70,1006,0.0
2015-06-05,34,26,27,77,1006,23.88
2015-06-06,33,26,26,83,1005,4.06
2015-06-07,31,26,26,81,1005,0.0
2015-06-08,34,27,27,77,1004,0.51
2015-06-09,33,27,26,78,1004,0.25
2015-06-10,34,27,27,75,1003,0.0
2015-06-11,33,24,25,85,1004,72.9
2015-06-12,32,23,24,77,1004,2.03
2015-06-13,32,25,25,85,1004,5.08
2015-06-14,33,25,26,74,1003,0.0
2015-06-15,33,26,26,82,1003,16.0
2015-06-16,32,25,25,80,1003,0.25
2015-06-17,34,25,26,75,1002,0.0
2015-06-18,34,27,26,74,1002,4.06
2015-06-19,35,27,26,69,1002,4.06
2015-06-20,36,25,24,70,1001,5.08
2015-06-21,31,27,25,80,1002,1.02
2015-06-22,29,25,25,91,1000,34.04
2015-06-23,28,26,26,91,998,2.03
2015-06-24,27,27,26,93,997,100.08
2015-06-25,28,24,26,93,995,17.02
2015-06-26,27,25,26,93,995,10.92
2015-06-27,28,25,25,91,1000,16.0
2015-06-28,31,23,25,79,1006,0.0
2015-06-29,32,26,24,74,1007,0.0
2015-06-30,32,26,24,72,1006,0.0
2015-07-01,32,26,25,80,1005,0.0
2015-07-02,31,25,25,86,1004,7.11
2015-07-03,33,25,26,81,1003,0.0
2015-07-04,33,26,27,82,1001,3.05
2015-07-05,33,26,27,81,999,0.0
2015-07-06,33,26,26,77,998,2.03
2015-07-07,34,25,26,79,998,2.03
2015-07-08,29,26,26,85,999,3.05
2015-07-09,27,25,25,93,1001,38.1
2015-07-10,33,25,26,82,1002,2.03
2015-07-11,33,26,26,77,1004,0.0
2015-07-12,33,25,27,78,1003,0.0
2015-07-13,33,27,27,79,1001,0.0
2015-07-14,33,26,27,81,1000,0.76
2015-07-15,32,26,27,87,999,23.11
2015-07-16,32,25,26,80,998,0.0
2015-07-17,31,26,26,88,998,0.51
2015-07-18,31,25,26,90,1000,40.89
2015-07-19,27,25,25,92,1000,19.05
2015-07-20,32,24,26,86,1000,1.02
2015-07-21,33,25,27,85,1002,1.02
2015-07-22,31,26,26,88,1005,8.89
2015-07-23,31,25,26,91,1006,11.94
2015-07-24,26,24,26,99,1006,28.96
2015-07-25,26,25,26,98,1002,73.91
2015-07-26,25,24,24,98,998,27.94
2015-07-27,29,24,25,91,997,11.94
2015-07-28,30,24,25,87,997,13.97
2015-07-29,28,24,24,87,993,16.0
2015-07-30,26,24,24,93,991,37.08
2015-07-31,26,23,24,92,995,62.99
2015-08-01,28,24,24,89,1003,0.0
2015-08-02,32,25,26,81,1005,0.0
2015-08-03,32,26,26,79,1005,0.0
2015-08-04,32,26,27,81,1003,0.0
2015-08-05,32,26,26,79,1002,0.0
2015-08-06,33,26,27,78,1001,0.0
2015-08-07,33,27,27,79,1002,0.0
2015-08-08,32,25,26,81,1002,3.05
2015-08-09,32,27,25,77,1001,0.51
2015-08-10,35,26,25,72,1001,0.0
2015-08-11,32,26,27,83,1004,1.02
2015-08-12,33,26,26,75,1005,2.03
2015-08-13,33,27,27,80,1005,0.0
2015-08-14,32,26,26,81,1005,1.02
2015-08-15,31,26,26,82,1007,0.0
2015-08-16,31,24,26,84,1007,27.94
2015-08-17,31,25,26,88,1007,27.94
2015-08-18,27,25,26,94,1008,30.99
2015-08-19,30,25,26,92,1006,10.92
2015-08-20,28,25,27,93,1005,3.05
2015-08-21,31,25,25,78,1004,0.51
2015-08-22,33,26,26,78,1001,0.0
2015-08-23,32,26,26,79,1002,0.0
2015-08-24,33,25,26,76,1002,0.25
2015-08-25,33,25,26,80,1002,0.0
2015-08-26,34,26,26,76,1002,0.0
2015-08-27,34,26,25,75,1004,3.05
2015-08-28,32,25,25,78,1005,7.11
2015-08-29,31,25,26,85,1005,2.03
2015-08-30,29,25,26,93,1005,24.89
2015-08-31,29,26,26,91,1005,21.08
2015-09-01,27,25,26,94,1003,9.91
2015-09-02,31,24,25,86,1003,0.0
2015-09-03,30,26,25,83,1007,0.0
2015-09-04,33,26,25,78,1008,0.0
2015-09-05,33,27,26,77,1007,0.0
2015-09-06,33,27,26,77,1007,0.0
2015-09-07,33,25,26,79,1006,0.0
2015-09-08,33,26,26,77,1005,0.0
2015-09-09,33,27,26,79,1005,3.05
2015-09-10,34,26,26,76,1006,0.51
2015-09-11,34,26,26,73,1007,0.0
2015-09-12,33,24,26,73,1006,18.03
2015-09-13,34,26,26,79,1006,7.11
2015-09-14,34,27,26,76,1005,0.0
2015-09-15,34,26,25,76,1005,2.03
2015-09-16,34,26,26,72,1004,0.0
2015-09-17,34,28,27,79,1004,0.0
2015-09-18,34,27,27,79,1004,1.02
2015-09-19,31,25,25,86,1007,1.02
2015-09-20,32,24,25,81,1006,0.51
2015-09-21,31,26,26,86,1006,0.51
2015-09-22,33,26,26,76,1006,0.0
2015-09-23,31,26,26,87,1006,6.1
2015-09-24,28,26,26,90,1005,2.03
2015-09-25,32,25,26,83,1005,3.05
2015-09-26,34,27,25,73,1005,0.0
2015-09-27,34,25,24,71,1006,0.0
2015-09-28,33,26,24,70,1007,0.0
2015-09-29,34,26,25,70,1007,0.0
2015-09-30,35,27,26,72,1009,0.0
2015-10-01,33,23,25,76,1011,58.93
2015-10-02,32,25,26,81,1009,0.51
2015-10-03,33,26,26,77,1008,0.51
2015-10-04,33,25,24,76,1008,9.91
2015-10-05,32,25,26,79,1008,1.02
2015-10-06,32,26,26,81,1007,1.02
2015-10-07,33,26,25,76,1007,2.03
2015-10-08,26,25,24,93,1004,17.02
2015-10-09,31,24,24,83,1004,0.0
2015-10-10,33,24,24,84,1007,24.89
2015-10-11,31,23,24,82,1009,0.76
2015-10-12,31,24,24,83,1009,0.0
2015-10-13,29,23,24,87,1011,5.08
2015-10-14,31,23,23,77,1012,0.0
2015-10-15,31,24,24,80,1013,0.0
2015-10-16,32,24,24,76,1012,0.0
2015-10-17,32,25,24,74,1011,0.0
2015-10-18,32,25,24,75,1012,0.0
2015-10-19,32,25,24,75,1011,0.0
2015-10-20,32,24,24,75,1009,0.0
2015-10-21,32,24,24,75,1009,0.0
2015-10-22,33,23,23,71,1010,0.0
2015-10-23,33,24,23,72,1010,0.0
2015-10-24,32,24,21,65,1011,0.0
2015-10-25,32,23,23,75,1012,0.0
2015-10-26,32,24,23,73,1012,0.0
2015-10-27,33,23,23,72,1012,0.0
2015-10-28,33,23,22,68,1012,0.0
2015-10-29,32,24,23,70,1013,0.0
2015-10-30,27,24,23,90,1014,2.03
2015-10-31,24,22,22,88,1014,2.03
2015-11-01,24,22,21,85,1014,1.02
2015-11-02,30,22,22,75,1014,0.0
2015-11-03,31,22,22,77,1013,0.0
2015-11-04,31,23,22,71,1011,0.0
2015-11-05,31,23,22,69,1011,0.0
2015-11-06,32,22,21,66,1011,0.0
2015-11-07,32,22,19,59,1012,0.0
2015-11-08,30,20,19,63,1013,0.0
2015-11-09,30,21,18,62,1012,0.0
2015-11-10,30,20,21,73,1011,0.0
2015-11-11,31,22,20,67,1011,0.0
2015-11-12,31,21,19,68,1012,0.0
2015-11-13,29,20,20,71,1012,0.0
2015-11-14,29,20,19,70,1010,0.0
2015-11-15,30,20,20,72,1011,0.0
2015-11-16,29,21,21,77,1011,0.0
2015-11-17,28,21,22,79,1011,0.0
2015-11-18,24,21,21,82,1014,0.76
2015-11-19,29,19,21,76,1013,0.0
2015-11-20,31,20,21,79,1012,0.0
2015-11-21,32,21,21,67,1012,0.0
2015-11-22,32,20,21,70,1012,0.0
2015-11-23,31,19,19,66,1013,0.0
2015-11-24,30,19,18,67,1012,0.0
2015-11-25,29,18,19,70,1012,0.0
2015-11-26,31,18,17,62,1011,0.0
2015-11-27,29,18,18,71,1011,0.0
2015-11-28,29,19,18,70,1015,0.0
2015-11-29,28,18,18,68,1015,0.0
2015-11-30,29,19,19,64,1014,0.0
2015-12-01,29,20,19,71,1013,0.0
2015-12-02,27,21,21,76,1013,0.25
2015-12-03,25,22,21,84,1014,2.03
2015-12-04,28,22,19,74,1013,0.0
2015-12-05,28,20,19,74,1013,0.0
2015-12-06,28,19,18,71,1013,0.0
2015-12-07,28,19,18,66,1014,0.0
2015-12-08,28,19,18,73,1013,0.0
2015-12-09,27,19,19,76,1014,0.0
2015-12-10,27,18,18,74,1013,0.0
2015-12-11,28,17,18,73,1012,0.0
2015-12-12,29,18,19,74,1011,0.0
2015-12-13,28,19,21,77,1013,0.0
2015-12-14,28,21,21,81,1012,0.0
2015-12-15,26,21,19,77,1013,0.0
2015-12-16,27,19,15,64,1014,0.0
2015-12-17,25,15,10,54,1014,0.0
2015-12-18,18,16,15,90,1015,0.0
2015-12-19,26,16,14,66,1016,0.0
2015-12-20,25,16,14,65,1016,0.0
2015-12-21,24,14,12,64,1016,0.0
2015-12-22,26,13,13,68,1018,0.0
2015-12-23,27,15,14,64,1016,0.0
2015-12-24,27,16,13,57,1015,0.0
2015-12-25,25,17,14,62,1016,0.0
2015-12-26,24,15,13,62,1016,0.0
2015-12-27,25,13,13,65,1016,0.0
2015-12-28,25,13,14,63,1017,0.0
2015-12-29,24,13,16,76,1016,0.0
2015-12-30,25,13,16,77,1015,0.0
2015-12-31,26,15,17,78,1017,0.0
2016-01-01,26,14,17,75,1018,0.0
2016-01-02,24,14,16,75,1017,0.0
2016-01-03,26,14,17,71,1016,0.0
2016-01-04,25,14,16,73,1016,0.0
2016-01-05,26,16,15,74,1015,0.0
2016-01-06,26,16,16,74,1015,0.0
2016-01-07,26,14,16,71,1016,0.0
2016-01-08,26,15,17,76,1015,0.0
2016-01-09,27,15,19,84,1013,0.0
2016-01-10,27,18,19,76,1015,0.0
2016-01-11,25,18,19,85,1015,0.0
2016-01-12,26,14,13,62,1014,0.0
2016-01-13,25,13,14,70,1013,0.0
2016-01-14,25,14,14,70,1014,0.0
2016-01-15,25,14,13,63,1012,0.0
2016-01-16,27,14,13,63,1012,0.0
2016-01-17,27,15,13,58,1012,0.0
2016-01-18,27,13,13,59,1012,0.0
2016-01-19,27,14,14,60,1012,0.0
2016-01-20,27,15,14,59,1013,0.0
2016-01-21,21,18,17,84,1015,2.03
2016-01-22,23,17,13,63,1016,0.0
2016-01-23,22,14,14,73,1017,0.0
2016-01-24,23,13,12,67,1016,0.0
2016-01-25,23,13,12,61,1014,0.0
2016-01-26,24,12,9,53,1014,0.0
2016-01-27,24,13,9,53,1014,0.0
2016-01-28,24,15,13,70,1014,0.0
2016-01-29,25,16,15,68,1015,0.0
2016-01-30,25,16,16,76,1014,0.0
2016-01-31,27,16,17,71,1013,0.0
2016-02-01,27,17,18,76,1014,0.0
2016-02-02,25,16,18,84,1015,0.0
2016-02-03,28,16,17,67,1013,0.0
2016-02-04,29,17,12,48,1014,0.0
2016-02-05,28,14,11,50,1013,0.0
2016-02-06,27,13,9,42,1012,0.0
2016-02-07,28,13,14,57,1014,0.0
2016-02-08,29,16,14,61,1013,0.0
2016-02-09,27,17,18,74,1013,0.0
2016-02-10,26,21,19,76,1012,0.0
2016-02-11,27,16,18,74,1011,0.0
2016-02-12,28,18,20,75,1011,0.0
2016-02-13,29,21,20,73,1012,0.0
2016-02-14,29,19,20,76,1013,0.0
2016-02-15,31,20,19,69,1014,0.0
2016-02-16,32,21,18,59,1015,0.0
2016-02-17,32,20,18,57,1015,0.0
2016-02-18,31,20,19,63,1013,0.0
2016-02-19,32,21,18,60,1013,0.0
2016-02-20,31,21,21,73,1012,0.0
2016-02-21,30,22,22,75,1011,0.0
2016-02-22,30,25,23,78,1013,0.0
2016-02-23,30,24,23,78,1013,0.0
2016-02-24,26,22,22,85,1014,0.0
2016-02-25,26,22,19,78,1015,0.0
2016-02-26,31,22,19,66,1015,0.0
2016-02-27,31,23,19,61,1016,0.0
2016-02-28,31,21,21,68,1016,0.0
2016-02-29,31,21,22,73,1016,0.0
2016-03-01,32,21,19,65,1014,0.0
2016-03-02,33,21,20,64,1014,0.0
2016-03-03,32,22,21,72,1014,0.0
2016-03-04,31,20,22,71,1012,0.0
2016-03-05,31,21,22,74,1011,0.0
2016-03-06,31,21,22,70,1011,0.0
2016-03-07,32,23,19,59,1010,0.0
2016-03-08,33,21,23,77,1010,0.0
2016-03-09,33,23,23,73,1010,0.0
2016-03-10,33,23,22,70,1011,0.0
2016-03-11,32,23,24,76,1011,0.0
2016-03-12,32,26,24,80,1010,0.0
2016-03-13,32,25,22,70,1011,0.0
2016-03-14,35,23,15,41,1011,0.0
2016-03-15,34,22,15,46,1010,0.0
2016-03-16,33,22,21,60,1010,0.0
2016-03-17,33,23,21,59,1011,0.0
2016-03-18,33,23,18,53,1010,0.0
2016-03-19,32,22,22,69,1009,0.0
2016-03-20,31,24,23,78,1009,0.0
2016-03-21,32,24,23,72,1007,0.0
2016-03-22,32,21,22,67,1007,10.92
2016-03-23,32,24,23,73,1009,0.0
2016-03-24,31,22,24,74,1012,0.0
2016-03-25,34,23,22,60,1012,0.0
2016-03-26,32,23,24,78,1011,0.0
2016-03-27,32,24,22,66,1013,0.0
2016-03-28,31,22,23,75,1012,33.02
2016-03-29,31,21,22,71,1012,0.0
2016-03-30,32,24,23,70,1013,0.0
2016-03-31,32,25,24,74,1011,11.94
2016-04-01,26,19,18,77,1010,0.0
2016-04-02,31,19,22,73,1010,0.0
2016-04-03,32,24,24,75,1011,0.0
2016-04-04,30,26,24,79,1009,0.0
2016-04-05,31,25,24,76,1007,0.0
2016-04-06,32,26,25,74,1008,0.0
2016-04-07,32,26,26,80,1008,0.0
2016-04-08,32,26,25,76,1008,0.0
2016-04-09,33,26,26,81,1008,0.0
2016-04-10,32,25,25,74,1009,0.0
2016-04-11,33,27,26,77,1006,0.0
2016-04-12,33,27,27,79,1005,0.0
2016-04-13,32,28,26,76,1004,0.0
2016-04-14,33,28,26,73,1006,0.0
2016-04-15,33,27,25,75,1007,0.0
2016-04-16,33,27,26,73,1006,0.0
2016-04-17,33,26,24,70,1007,0.0
2016-04-18,33,26,24,68,1008,0.0
2016-04-19,33,27,25,72,1008,0.0
2016-04-20,33,26,24,71,1008,0.0
2016-04-21,33,26,25,71,1006,0.0
2016-04-22,32,27,26,75,1005,0.51
2016-04-23,34,28,26,73,1002,0.51
2016-04-24,33,29,27,75,1003,0.0
2016-04-25,33,29,27,77,1006,0.0
2016-04-26,34,27,26,73,1009,0.0
2016-04-27,33,27,26,70,1007,0.0
2016-04-28,34,28,26,71,1006,0.0
2016-04-29,34,28,26,70,1007,0.0
2016-04-30,35,28,26,70,1006,0.0
2016-05-01,34,25,26,72,1006,0.0
2016-05-02,33,22,23,72,1007,1.02
2016-05-03,33,21,22,67,1007,0.0
2016-05-04,32,25,23,74,1008,4.06
2016-05-05,34,25,22,60,1008,0.25
2016-05-06,34,25,24,70,1008,0.0
2016-05-07,33,24,24,74,1008,0.0
2016-05-08,33,25,24,65,1008,0.0
2016-05-09,33,27,26,73,1008,0.0
2016-05-10,34,28,26,76,1008,0.0
2016-05-11,34,28,25,66,1006,0.0
2016-05-12,34,28,26,69,1004,0.0
2016-05-13,29,23,23,84,1006,1.02
2016-05-14,34,22,24,71,1007,0.0
2016-05-15,34,27,26,72,1008,0.0
2016-05-16,34,27,26,73,1006,0.0
2016-05-17,32,28,27,78,1005,0.0
2016-05-18,34,25,26,74,1005,9.91
2016-05-19,28,24,25,92,1006,7.11
2016-05-20,29,24,24,90,1003,2.03
2016-05-21,28,24,24,92,993,0.0
2016-05-22,30,24,25,84,1000,0.0
2016-05-23,33,26,26,77,1001,0.0
2016-05-24,34,26,25,78,1001,0.0
2016-05-25,33,25,25,77,1000,6.1
2016-05-26,33,24,25,71,1002,6.1
2016-05-27,33,27,26,76,1003,0.0
2016-05-28,34,26,26,75,1003,0.0
2016-05-29,34,26,27,75,1003,0.0
2016-05-30,34,28,26,74,1003,0.0
2016-05-31,34,26,25,75,1004,0.0
2016-06-01,33,26,25,73,1005,0.0
2016-06-02,34,26,26,69,1004,0.0
2016-06-03,34,26,26,72,1005,0.0
2016-06-04,34,26,24,67,1006,2.03
2016-06-05,34,26,26,73,1006,2.03
2016-06-06,34,26,25,70,1006,0.0
2016-06-07,34,26,25,76,1006,0.0
2016-06-08,32,27,26,86,1004,0.0
2016-06-09,26,26,25,94,1002,0.0
2016-06-10,30,27,25,83,999,0.0
2016-06-11,30,25,24,88,1001,0.0
2016-06-12,28,24,24,89,1002,0.0
2016-06-13,28,24,24,92,1002,0.0
2016-06-14,34,25,26,80,1000,0.0
2016-06-15,32,27,26,79,999,0.0
2016-06-16,33,28,26,78,1000,0.0
2016-06-17,34,27,26,76,1001,0.0
2016-06-18,34,28,25,71,1004,0.0
2016-06-19,33,26,24,68,1006,0.0
2016-06-20,33,26,25,72,1005,0.0
2016-06-21,34,27,26,75,1005,0.0
2016-06-22,34,27,26,72,1005,0.0
2016-06-23,34,28,26,74,1004,0.0
2016-06-24,33,27,26,75,1003,2.03
2016-06-25,34,27,26,74,1003,0.0
2016-06-26,33,26,26,73,1003,8.89
2016-06-27,35,26,26,72,1002,8.89
2016-06-28,34,27,26,70,1003,1.02
2016-06-29,34,26,26,74,1003,0.0
2016-06-30,34,27,26,73,1002,0.0
2016-07-01,33,27,25,74,1000,0.0
2016-07-02,32,27,26,82,1000,3.05
2016-07-03,29,26,26,92,1001,71.12
2016-07-04,29,26,26,95,1001,13.97
2016-07-05,28,25,26,92,1001,9.91
2016-07-06,27,25,26,93,1001,8.89
2016-07-07,32,26,26,81,999,0.0
2016-07-08,32,27,26,78,998,1.02
2016-07-09,31,27,26,81,998,1.02
2016-07-10,32,26,26,82,998,5.08
2016-07-11,31,26,26,84,1000,3.05
2016-07-12,31,26,26,83,1002,7.11
2016-07-13,31,26,26,85,1002,24.89
2016-07-14,33,26,27,80,1001,0.0
2016-07-15,33,26,26,82,1002,1.02
2016-07-16,28,26,26,89,1006,4.06
2016-07-17,28,25,24,87,1008,25.91
2016-07-18,29,24,24,86,1005,11.94
2016-07-19,31,24,26,85,1003,0.25
2016-07-20,32,25,26,83,1003,6.1
2016-07-21,31,27,26,81,1004,0.0
2016-07-22,33,28,25,73,1005,0.0
2016-07-23,32,27,25,76,1006,0.0
2016-07-24,33,26,25,74,1007,0.0
2016-07-25,27,25,24,90,1008,13.97
2016-07-26,31,24,24,75,1008,0.0
2016-07-27,31,26,24,73,1007,0.0
2016-07-28,31,26,26,79,1004,20.07
2016-07-29,32,26,26,82,1003,2.03
2016-07-30,33,26,26,77,1002,0.0
2016-07-31,33,26,26,81,1001,7.87
2016-08-01,34,26,26,80,999,0.0
2016-08-02,33,27,25,72,998,0.25
2016-08-03,34,26,26,75,998,6.1
2016-08-04,34,26,26,69,999,6.1
2016-08-05,33,26,25,72,1001,0.25
2016-08-06,33,26,25,79,1003,0.51
2016-08-07,32,25,26,81,1003,0.0
2016-08-08,32,26,26,81,1002,4.06
2016-08-09,27,25,24,92,1001,0.0
2016-08-10,27,24,24,92,1001,17.02
2016-08-11,30,24,26,90,1003,12.95
2016-08-12,31,25,26,84,1003,1.02
2016-08-13,33,26,26,82,1002,1.02
2016-08-14,32,26,26,80,1000,11.94
2016-08-15,32,26,26,76,997,2.03
2016-08-16,34,27,26,75,995,2.03
2016-08-17,29,27,25,82,997,0.25
2016-08-18,32,26,25,76,1001,5.08
2016-08-19,33,27,26,77,1002,5.08
2016-08-20,31,27,27,87,1001,1.02
2016-08-21,26,25,24,94,1002,19.05
2016-08-22,32,24,24,76,1005,2.03
2016-08-23,32,26,25,77,1004,0.0
2016-08-24,31,26,26,79,1002,0.76
2016-08-25,32,27,26,75,1003,0.0
2016-08-26,34,28,26,75,1004,0.0
2016-08-27,31,26,26,82,1006,0.0
2016-08-28,33,27,26,74,1006,4.06
2016-08-29,33,25,26,77,1004,29.97
2016-08-30,33,27,26,76,1004,0.0
2016-08-31,32,26,26,84,1005,2.03
2016-09-01,31,26,26,89,1005,2.03
2016-09-02,30,26,26,87,1002,0.0
2016-09-03,32,25,26,80,1001,6.1
2016-09-04,32,26,26,84,1002,2.03
2016-09-05,32,25,26,78,1001,3.05
2016-09-06,31,27,26,87,1002,3.05
2016-09-07,32,26,25,78,1003,0.0
2016-09-08,33,26,26,74,1004,0.0
2016-09-09,33,27,25,73,1006,0.0
2016-09-10,33,26,25,74,1006,0.0
2016-09-11,31,26,26,80,1005,6.1
2016-09-12,31,27,26,83,1005,0.0
2016-09-13,32,25,25,78,1006,3.05
2016-09-14,32,26,24,76,1006,0.0
2016-09-15,33,27,25,72,1005,0.0
2016-09-16,32,25,25,79,1005,1.02
2016-09-17,32,26,25,80,1005,2.03
2016-09-18,33,27,26,76,1005,7.87
2016-09-19,32,26,26,78,1005,0.0
2016-09-20,33,27,25,78,1005,6.1
2016-09-21,34,26,25,73,1007,11.94
2016-09-22,32,25,25,83,1008,3.05
2016-09-23,34,25,25,72,1006,0.0
2016-09-24,33,26,25,73,1005,0.0
2016-09-25,33,26,26,75,1005,0.0
2016-09-26,33,25,26,73,1006,0.0
2016-09-27,33,27,27,81,1006,2.03
2016-09-28,32,26,26,81,1005,5.08
2016-09-29,33,26,26,75,1005,0.0
2016-09-30,34,27,26,75,1004,7.11
2016-10-01,34,26,26,74,1007,0.0
2016-10-02,33,27,26,77,1008,0.0
2016-10-03,31,24,25,84,1006,0.0
2016-10-04,31,24,25,82,1005,0.0
2016-10-05,33,27,26,86,1004,6.1
2016-10-06,34,26,25,73,1005,0.0
2016-10-07,34,27,26,77,1006,0.0
2016-10-08,33,26,26,75,1007,0.0
2016-10-09,33,26,26,78,1006,0.0
2016-10-10,28,26,25,90,1005,10.92
2016-10-11,28,24,24,88,1005,12.95
2016-10-12,26,23,24,92,1005,2.03
2016-10-13,30,24,25,85,1007,0.0
2016-10-14,32,26,26,83,1007,0.0
2016-10-15,33,26,26,82,1007,0.0
2016-10-16,33,27,26,75,1007,0.0
2016-10-17,34,26,26,77,1006,0.0
2016-10-18,33,25,26,77,1006,0.0
2016-10-19,33,26,26,75,1005,0.0
2016-10-20,34,26,25,72,1004,0.0
2016-10-21,34,25,21,62,1005,0.0
2016-10-22,34,23,19,56,1006,0.0
2016-10-23,34,23,20,57,1005,0.0
2016-10-24,33,25,21,60,1004,0.0
2016-10-25,33,26,22,64,1005,0.0
2016-10-26,34,26,23,73,1008,0.0
2016-10-27,33,25,23,75,1011,0.0
2016-10-28,32,25,24,81,1010,10.92
2016-10-29,32,24,23,79,1010,2.03
2016-10-30,30,24,24,79,1011,0.0
2016-10-31,34,26,24,71,1013,0.0
2016-11-01,34,26,24,74,1012,0.0
2016-11-02,33,25,23,69,1011,0.0
2016-11-03,34,25,24,72,1011,0.0
2016-11-04,29,25,25,90,1010,3.05
2016-11-05,24,20,21,86,1006,37.08
2016-11-06,26,20,22,93,1004,1.02
2016-11-07,28,21,23,86,1008,0.51
2016-11-08,29,22,21,75,1010,0.0
2016-11-09,29,21,21,67,1010,0.0
2016-11-10,30,22,21,72,1011,0.0
2016-11-11,29,21,19,67,1012,0.0
2016-11-12,31,20,20,73,1013,0.0
2016-11-13,30,20,20,69,1013,0.0
2016-11-14,31,21,19,66,1012,0.0
2016-11-15,31,21,20,72,1012,0.0
2016-11-16,30,21,20,70,1012,0.0
2016-11-17,29,20,21,73,1012,0.0
2016-11-18,29,21,21,75,1010,0.0
2016-11-19,29,19,17,62,1010,0.0
2016-11-20,29,18,17,64,1011,0.0
2016-11-21,29,19,18,70,1010,0.0
2016-11-22,28,18,17,66,1010,0.0
2016-11-23,28,18,17,66,1011,0.0
2016-11-24,28,19,17,69,1011,0.0
2016-11-25,28,18,18,69,1010,0.0
2016-11-26,27,18,18,74,1010,0.0
2016-11-27,29,18,18,69,1010,0.0
2016-11-28,28,18,17,70,1011,0.0
2016-11-29,29,18,18,71,1013,0.0
2016-11-30,30,19,18,70,1013,0.0
2016-12-01,30,19,19,74,1014,0.0
2016-12-02,31,21,19,71,1014,0.0
2016-12-03,31,21,18,62,1015,0.0
2016-12-04,30,21,19,66,1013,0.0
2016-12-05,30,19,19,68,1013,0.0
2016-12-06,30,19,19,71,1013,0.0
2016-12-07,31,18,18,74,1012,0.0
2016-12-08,30,18,17,70,1011,0.0
2016-12-09,30,18,17,67,1009,0.0
2016-12-10,30,18,18,66,1009,0.0
2016-12-11,31,19,18,69,1009,0.0
2016-12-12,29,19,17,70,1010,0.0
2016-12-13,28,17,17,67,1011,0.0
2016-12-14,28,16,16,65,1012,0.0
2016-12-15,28,17,17,74,1012,0.0
2016-12-16,27,17,17,74,1013,0.0
2016-12-17,27,17,17,68,1013,0.0
2016-12-18,27,18,17,74,1014,0.0
2016-12-19,27,17,17,73,1013,0.0
2016-12-20,25,16,17,77,1012,0.0
2016-12-21,25,17,17,73,1013,0.0
2016-12-22,27,18,17,71,1011,0.0
2016-12-23,27,19,18,74,1010,0.0
2016-12-24,28,20,19,74,1010,0.0
2016-12-25,27,18,19,77,1012,0.0
2016-12-26,27,18,18,79,1012,0.0
2016-12-27,28,18,17,70,1013,0.0
2016-12-28,26,17,18,77,1013,0.0
2016-12-29,29,18,18,75,1014,0.0
2016-12-30,27,17,18,74,1015,0.0
2016-12-31,27,17,16,67,1014,0.0
2017-01-01,28,16,14,62,1014,0.0
2017-01-02,29,16,16,66,1014,0.0
2017-01-03,28,17,16,67,1012,0.0
2017-01-04,27,17,16,69,1012,0.0
2017-01-05,27,16,16,66,1011,0.0
2017-01-06,26,16,16,71,1012,0.0
2017-01-07,27,16,16,70,1010,0.0
2017-01-08,28,15,13,58,1010,0.0
2017-01-09,29,16,14,59,1010,0.0
2017-01-10,28,16,13,54,1010,0.0
2017-01-11,27,15,13,59,1011,0.0
2017-01-12,26,15,9,47,1012,0.0
2017-01-13,26,14,9,52,1013,0.0
2017-01-14,23,15,8,48,1014,0.0
2017-01-15,24,13,11,58,1014,0.0
2017-01-16,26,13,13,62,1013,0.0
2017-01-17,26,14,12,56,1014,0.0
2017-01-18,27,13,12,55,1016,0.0
2017-01-19,29,16,13,56,1015,0.0
2017-01-20,28,14,14,61,1015,0.0
2017-01-21,27,16,13,55,1016,0.0
2017-01-22,28,15,15,64,1015,0.0
2017-01-23,28,15,15,66,1015,0.0
2017-01-24,28,17,14,58,1016,0.0
2017-01-25,30,16,14,53,1016,0.0
2017-01-26,31,18,16,62,1016,0.0
2017-01-27,29,16,16,61,1014,0.0
2017-01-28,27,17,17,68,1013,0.0
2017-01-29,26,20,16,63,1013,0.0
2017-01-30,26,17,14,62,1012,0.0
2017-01-31,27,16,14,63,1013,0.0
2017-02-01,28,16,14,59,1014,0.0
2017-02-02,29,17,12,51,1015,0.0
2017-02-03,26,14,12,40,1016,0.0
2017-02-04,31,14,13,53,1013,0.0
2017-02-05,33,17,13,49,1012,0.0
2017-02-06,30,18,17,61,1011,0.0
2017-02-07,26,17,18,76,1011,0.0
2017-02-08,28,17,17,73,1012,0.0
2017-02-09,29,16,12,53,1012,0.0
2017-02-10,29,16,13,56,1012,0.0
2017-02-11,30,18,15,58,1014,0.0
2017-02-12,31,19,16,57,1016,0.0
2017-02-13,31,19,13,48,1017,0.0
2017-02-14,32,19,12,47,1018,0.0
2017-02-15,31,20,13,45,1017,0.0
2017-02-16,30,18,14,55,1015,0.0
2017-02-17,31,17,15,58,1014,0.0
2017-02-18,31,18,18,66,1014,0.0
2017-02-19,28,18,18,73,1012,0.0
2017-02-20,30,21,21,74,1009,0.0
2017-02-21,29,22,22,80,1010,0.0
2017-02-22,30,22,22,78,1011,0.0
2017-02-23,29,21,22,77,1012,0.0
2017-02-24,30,21,19,68,1013,0.0
2017-02-25,31,18,12,52,1012,0.0
2017-02-26,29,18,13,49,1010,0.0
2017-02-27,29,18,17,58,1013,0.0
2017-02-28,31,22,14,49,1012,0.0
2017-03-01,32,18,13,52,1011,0.0
2017-03-02,31,18,16,55,1010,0.0
2017-03-03,32,22,21,71,1008,0.0
2017-03-04,31,22,21,70,1009,0.0
2017-03-05,31,21,19,64,1009,0.0
2017-03-06,30,19,20,73,1008,0.0
2017-03-07,30,22,21,72,1009,0.0
2017-03-08,29,20,21,79,1009,0.76
2017-03-09,30,19,17,61,1007,0.76
2017-03-10,30,22,22,76,1008,3.05
2017-03-11,27,21,21,88,1009,7.11
2017-03-12,25,21,21,84,1009,0.0
2017-03-13,30,21,19,65,1012,0.0
2017-03-14,31,18,12,42,1012,0.0
2017-03-15,31,18,10,38,1012,0.0
2017-03-16,30,18,11,42,1010,0.0
2017-03-17,30,18,16,60,1009,0.0
2017-03-18,31,20,20,73,1010,0.0
2017-03-19,31,20,21,70,1011,0.0
2017-03-20,25,21,21,83,1011,0.0
2017-03-21,28,19,17,68,1012,0.0
2017-03-22,30,19,17,60,1011,0.0
2017-03-23,30,20,19,68,1010,0.0
2017-03-24,31,21,22,77,1010,0.0
2017-03-25,31,20,21,69,1011,0.0
2017-03-26,30,21,21,71,1011,0.0
2017-03-27,31,22,22,74,1011,0.0
2017-03-28,31,23,23,76,1011,0.0
2017-03-29,31,24,23,76,1009,0.0
2017-03-30,32,26,24,77,1010,0.0
2017-03-31,31,24,24,77,1011,0.0
2017-04-01,31,25,24,76,1009,0.0
2017-04-02,31,25,24,75,1009,0.0
2017-04-03,32,25,23,72,1009,0.25
2017-04-04,31,19,22,79,1010,30.99
2017-04-05,32,21,21,78,1010,8.89
2017-04-06,32,21,22,70,1009,0.0
2017-04-07,32,25,24,76,1008,0.0
2017-04-08,32,25,24,74,1008,0.0
2017-04-09,32,26,25,76,1008,0.0
2017-04-10,32,25,25,78,1007,0.0
2017-04-11,32,26,24,74,1007,0.0
2017-04-12,32,25,26,78,1007,0.0
2017-04-13,34,26,24,71,1008,0.0
2017-04-14,33,24,25,76,1008,0.0
2017-04-15,32,26,24,72,1006,0.0
2017-04-16,32,25,22,62,1005,0.0
2017-04-17,31,23,22,68,1006,0.0
2017-04-18,33,24,24,69,1008,0.0
2017-04-19,32,25,24,72,1007,0.0
2017-04-20,31,21,22,73,1007,1.02
2017-04-21,23,21,21,89,1008,17.02
2017-04-22,30,20,21,82,1007,37.08
2017-04-23,30,21,22,76,1007,4.06
2017-04-24,29,21,21,81,1007,2.03
2017-04-25,32,21,24,76,1006,0.0
2017-04-26,32,27,26,78,1007,0.0
2017-04-27,32,26,26,80,1009,0.0
2017-04-28,32,27,27,79,1008,0.0
2017-04-29,33,26,26,77,1009,0.0
2017-04-30,33,27,26,77,1009,0.0
2017-05-01,33,23,25,77,1009,12.95
2017-05-02,33,22,22,62,1010,0.0
2017-05-03,33,26,25,71,1010,0.0
2017-05-04,34,26,26,74,1009,0.0
2017-05-05,33,26,25,75,1008,0.0
2017-05-06,33,26,25,73,1010,0.0
2017-05-07,33,26,26,73,1010,0.0
2017-05-08,33,27,25,73,1009,0.0
2017-05-09,33,27,26,72,1008,0.0
2017-05-10,34,25,23,67,1008,0.0
2017-05-11,33,26,25,72,1008,0.0
2017-05-12,34,27,26,71,1007,0.0
2017-05-13,33,28,26,71,1006,0.0
2017-05-14,34,28,26,72,1004,0.0
2017-05-15,32,25,25,80,1004,19.05
2017-05-16,32,22,24,72,1002,6.1
2017-05-17,33,26,26,80,1003,22.1
2017-05-18,34,23,25,68,1004,12.95
2017-05-19,34,27,27,77,1005,0.0
2017-05-20,34,28,27,76,1004,0.0
2017-05-21,35,28,27,75,1003,0.0
2017-05-22,35,28,27,73,1004,0.0
2017-05-23,35,28,27,73,1005,0.0
2017-05-24,35,28,28,82,1004,0.0
2017-05-25,35,28,27,74,1004,0.0
2017-05-26,34,28,26,70,1004,0.0
2017-05-27,36,27,26,70,1002,0.0
2017-05-28,36,26,26,73,1001,0.0
2017-05-29,31,25,26,80,998,1.02
2017-05-30,29,25,25,89,993,4.06
2017-05-31,32,24,26,85,1002,7.11
2017-06-01,32,25,27,84,1004,0.0
2017-06-02,31,23,24,89,1006,2.03
2017-06-03,31,26,27,90,1004,4.06
2017-06-04,28,23,24,90,1003,39.12
2017-06-05,34,21,26,79,1003,0.0
2017-06-06,34,28,27,80,1003,0.0
2017-06-07,34,26,26,74,1003,0.0
2017-06-08,34,27,27,81,1002,0.25
2017-06-09,34,27,27,80,1001,1.02
2017-06-10,35,27,26,83,1000,1.02
2017-06-11,31,27,25,83,998,3.05
2017-06-12,28,26,26,91,995,53.09
2017-06-13,29,24,25,93,1001,0.0
2017-06-14,31,26,25,82,1004,0.0
2017-06-15,30,26,26,87,1003,0.0
2017-06-16,28,26,25,92,1003,0.0
2017-06-17,33,27,27,82,1003,0.0
2017-06-18,30,26,27,91,1002,0.0
2017-06-19,31,25,25,84,1001,19.05
2017-06-20,32,23,25,80,1001,5.08
2017-06-21,31,25,26,89,1001,10.92
2017-06-22,33,26,26,78,1001,13.97
2017-06-23,33,26,25,75,1000,6.1
2017-06-24,33,26,26,77,999,5.08
2017-06-25,34,26,25,73,1000,0.0
2017-06-26,34,26,26,73,1002,0.51
2017-06-27,34,27,26,72,1002,0.51
2017-06-28,34,26,26,73,1002,0.0
2017-06-29,34,26,26,76,1002,0.76
2017-06-30,32,27,26,86,1000,17.02
2017-07-01,30,26,26,88,999,0.25
2017-07-02,32,26,26,89,1000,12.95
2017-07-03,29,25,26,92,1001,87.88
2017-07-04,29,25,26,93,1000,0.0
2017-07-05,27,26,26,93,1000,0.0
2017-07-06,30,25,26,90,1001,0.0
2017-07-07,32,26,26,78,1002,0.0
2017-07-08,31,27,26,82,1002,0.0
2017-07-09,32,27,26,78,1004,0.0
2017-07-10,32,27,26,87,1005,0.0
2017-07-11,29,25,26,89,1003,0.0
2017-07-12,33,26,26,81,1003,5.08
2017-07-13,32,26,26,80,1002,2.03
2017-07-14,33,26,26,80,1002,12.95
2017-07-15,33,26,26,77,1001,0.0
2017-07-16,34,27,26,74,998,0.76
2017-07-17,34,27,27,77,998,1.02
2017-07-18,33,27,26,79,1000,1.02
2017-07-19,27,26,25,94,1001,21.08
2017-07-20,29,25,26,94,1001,26.92
2017-07-21,29,24,26,91,1002,0.0
2017-07-22,32,26,26,84,1002,1.02
2017-07-23,27,25,26,96,1001,0.0
2017-07-24,26,23,24,98,1002,61.98
2017-07-25,27,24,24,93,1002,0.51
2017-07-26,33,23,26,82,1003,0.51
2017-07-27,32,26,27,81,1003,0.0
2017-07-28,33,26,27,78,1004,0.0
2017-07-29,31,28,27,87,1004,0.0
2017-07-30,33,27,27,82,1003,0.0
2017-07-31,33,26,26,76,1003,0.0
2017-08-01,33,27,27,80,1003,0.0
2017-08-02,33,27,27,79,1002,0.0
2017-08-03,33,27,27,81,999,0.0
2017-08-04,34,27,26,77,998,0.0
2017-08-05,34,27,26,77,999,0.0
2017-08-06,32,27,26,86,1002,2.03
2017-08-07,32,24,26,84,1004,7.87
2017-08-08,32,27,26,81,1005,0.0
2017-08-09,33,26,26,83,1005,2.03
2017-08-10,31,26,26,89,1004,4.06
2017-08-11,30,26,26,90,1003,20.07
2017-08-12,27,25,26,94,1004,116.08
2017-08-13,31,25,25,89,1005,25.91
2017-08-14,31,26,26,87,1006,0.51
2017-08-15,32,26,26,85,1004,1.02
2017-08-16,32,26,26,87,1002,0.0
2017-08-17,32,25,26,81,1000,0.0
2017-08-18,33,26,26,78,1002,0.0
2017-08-19,33,26,27,84,1005,0.0
2017-08-20,33,26,26,77,1004,20.07
2017-08-21,33,25,26,76,1002,2.03
2017-08-22,32,26,26,84,1002,0.0
2017-08-23,33,26,26,78,1003,0.0
2017-08-24,32,26,26,83,1003,7.87
2017-08-25,33,25,26,80,1001,0.0
2017-08-26,30,27,26,85,1000,0.0
2017-08-27,34,26,26,73,1001,0.0
2017-08-28,34,26,26,72,1003,0.0
2017-08-29,33,27,26,75,1005,0.0
2017-08-30,32,27,26,84,1005,0.51
2017-08-31,32,27,26,85,1005,1.02
2017-09-01,29,25,26,91,1005,8.89
2017-09-02,29,26,26,90,1004,8.89
2017-09-03,28,26,26,95,1005,1.02
2017-09-04,33,26,26,79,1005,1.02
2017-09-05,33,26,27,79,1005,0.0
2017-09-06,32,26,27,80,1006,0.0
2017-09-07,33,27,26,79,1006,0.0
2017-09-08,31,25,26,88,1007,46.99
2017-09-09,31,26,26,86,1007,0.0
2017-09-10,30,26,25,85,1008,39.12
2017-09-11,32,25,25,86,1008,18.03
2017-09-12,32,26,25,82,1008,0.0
2017-09-13,32,26,26,81,1008,0.0
2017-09-14,32,26,26,81,1006,0.0
2017-09-15,34,26,27,78,1004,2.03
2017-09-16,34,28,27,76,1002,0.0
2017-09-17,28,25,25,89,1003,0.0
2017-09-18,34,25,25,83,1003,12.95
2017-09-19,31,26,25,83,1003,3.05
2017-09-20,29,26,25,88,1006,6.1
2017-09-21,33,26,26,80,1006,0.0
2017-09-22,33,26,26,77,1006,0.0
2017-09-23,33,27,26,74,1007,0.0
2017-09-24,33,26,26,79,1005,5.08
2017-09-25,34,25,26,82,1004,8.89
2017-09-26,33,24,26,80,1005,46.99
2017-09-27,33,26,26,82,1006,2.03
2017-09-28,33,26,26,81,1005,0.0
2017-09-29,31,25,25,86,1006,55.12
2017-09-30,33,26,26,78,1009,1.02
2017-10-01,33,26,26,78,1008,1.02
2017-10-02,33,27,26,74,1006,0.0
2017-10-03,32,26,26,73,1006,0.0
2017-10-04,34,27,26,77,1006,0.25
2017-10-05,31,26,25,78,1006,1.02
2017-10-06,33,27,25,79,1007,0.0
2017-10-07,32,26,24,79,1007,0.0
2017-10-08,30,25,24,79,1007,0.0
2017-10-09,32,24,24,79,1006,7.87
2017-10-10,34,25,25,73,1006,0.0
2017-10-11,33,27,26,76,1005,0.0
2017-10-12,32,26,26,82,1005,0.0
2017-10-13,33,27,26,75,1005,0.0
2017-10-14,33,26,25,73,1005,0.0
2017-10-15,32,27,26,76,1005,0.0
2017-10-16,34,26,26,76,1004,0.0
2017-10-17,34,26,26,75,1004,0.0
2017-10-18,33,26,26,81,1006,1.02
2017-10-19,33,26,25,79,1007,7.11
2017-10-20,27,24,24,87,1008,7.87
2017-10-21,27,25,24,88,1004,39.88
2017-10-22,29,25,22,75,1006,0.0
2017-10-23,31,23,23,77,1008,0.0
2017-10-24,31,24,24,79,1011,0.0
2017-10-25,31,24,23,74,1013,0.0
2017-10-26,32,25,23,71,1012,0.0
2017-10-27,32,23,19,62,1011,0.0
2017-10-28,31,21,20,67,1012,0.0
2017-10-29,26,19,21,82,1014,5.08
2017-10-30,25,21,19,79,1014,4.06
2017-10-31,28,21,21,76,1012,0.0
2017-11-01,29,23,22,83,1013,0.25
2017-11-02,31,23,23,79,1011,0.0
2017-11-03,32,23,23,76,1010,0.0
2017-11-04,33,23,23,70,1011,0.0
2017-11-05,32,24,23,70,1011,0.0
2017-11-06,32,22,22,70,1010,0.0
2017-11-07,32,25,22,68,1010,0.0
2017-11-08,32,22,22,75,1011,0.0
2017-11-09,31,22,21,73,1010,0.0
2017-11-10,31,21,21,72,1010,0.0
2017-11-11,32,21,19,63,1010,0.0
2017-11-12,32,22,22,71,1009,0.0
2017-11-13,32,23,21,68,1008,0.0
2017-11-14,34,23,22,65,1009,0.0
2017-11-15,30,24,24,82,1010,14.99
2017-11-16,28,23,24,83,1010,14.99
2017-11-17,28,24,24,82,1010,0.25
2017-11-18,32,23,24,75,1010,0.0
2017-11-19,32,24,23,71,1010,0.0
2017-11-20,31,23,20,62,1010,0.0
2017-11-21,31,22,19,61,1010,0.0
2017-11-22,29,22,19,63,1009,0.0
2017-11-23,29,19,17,57,1009,0.0
2017-11-24,30,21,17,61,1010,0.0
2017-11-25,30,19,17,64,1012,0.0
2017-11-26,30,19,16,64,1013,0.0
2017-11-27,29,18,17,68,1012,0.0
2017-11-28,29,18,17,66,1012,0.0
2017-11-29,29,17,17,70,1013,0.0
2017-11-30,28,19,18,67,1012,0.0
2017-12-01,28,17,17,70,1012,0.0
2017-12-02,29,18,17,69,1014,0.0
2017-12-03,28,18,17,67,1012,0.0
2017-12-04,28,16,17,71,1012,0.0
2017-12-05,28,17,15,62,1012,0.0
2017-12-06,27,15,17,72,1010,0.0
2017-12-07,29,16,17,70,1010,0.0
2017-12-08,26,19,19,82,1011,1.02
2017-12-09,26,19,23,91,1011,1.02
2017-12-10,29,23,23,80,1011,0.51
2017-12-11,25,23,23,91,1012,0.0
2017-12-12,28,21,21,79,1013,0.0
2017-12-13,29,19,19,71,1013,0.0
2017-12-14,29,19,18,65,1014,0.0
2017-12-15,27,17,14,56,1014,0.0
2017-12-16,26,16,16,70,1015,0.0
2017-12-17,27,16,16,67,1016,0.0
2017-12-18,27,18,19,79,1016,0.0
2017-12-19,26,17,18,80,1016,0.0
2017-12-20,25,17,19,84,1017,0.0
2017-12-21,27,17,18,75,1016,0.0
2017-12-22,27,17,18,76,1015,0.0
2017-12-23,26,17,18,73,1012,0.0
2017-12-24,27,17,17,69,1012,0.0
2017-12-25,26,16,17,73,1012,0.0
2017-12-26,27,18,16,67,1012,0.0
2017-12-27,28,18,17,71,1013,0.0
2017-12-28,28,17,16,68,1013,0.0
2017-12-29,29,17,16,66,1014,0.0
2017-12-30,30,17,17,62,1013,0.0
2017-12-31,29,19,18,68,1012,0.0
2018-01-01,26,21,19,77,1010,0.0
2018-01-02,26,20,18,75,1010,0.0
2018-01-03,24,20,16,67,1010,0.0
2018-01-04,24,18,11,52,1011,0.0
2018-01-05,25,13,14,66,1011,0.0
2018-01-06,24,14,14,65,1010,0.0
2018-01-07,24,13,11,61,1012,0.0
2018-01-08,23,12,8,50,1014,0.0
2018-01-09,22,12,12,70,1014,0.0
2018-01-10,24,12,10,59,1015,0.0
2018-01-11,22,12,11,59,1013,0.0
2018-01-12,21,11,14,82,1014,0.0
2018-01-13,24,11,13,73,1013,0.0
2018-01-14,20,13,15,83,1013,0.0
2018-01-15,23,14,15,81,1013,0.0
2018-01-16,23,14,16,83,1012,0.0
2018-01-17,25,13,16,79,1012,0.0
2018-01-18,26,16,14,67,1012,0.0
2018-01-19,26,16,14,66,1013,0.0
2018-01-20,26,17,14,64,1012,0.0
2018-01-21,25,16,13,62,1011,0.0
2018-01-22,26,16,15,69,1010,0.0
2018-01-23,25,15,14,66,1010,0.0
2018-01-24,26,14,15,65,1009,0.0
2018-01-25,27,14,15,70,1009,0.0
2018-01-26,26,15,11,52,1010,0.0
2018-01-27,27,14,11,53,1012,0.0
2018-01-28,27,12,11,54,1013,0.0
2018-01-29,25,12,9,53,1014,0.0
2018-01-30,27,12,12,61,1012,0.0
2018-01-31,26,13,15,71,1011,0.0
2018-02-01,27,16,18,75,1011,0.0
2018-02-02,26,17,17,75,1011,0.0
2018-02-03,27,15,17,72,1013,0.0
2018-02-04,26,17,18,82,1014,0.0
2018-02-05,27,17,18,77,1015,0.0
2018-02-06,26,18,20,86,1013,0.0
2018-02-07,26,19,19,82,1012,0.0
2018-02-08,26,19,21,85,1011,0.0
2018-02-09,28,19,19,79,1011,0.0
2018-02-10,27,19,19,79,1014,0.0
2018-02-11,29,19,16,61,1015,0.0
2018-02-12,30,16,12,46,1015,0.0
2018-02-13,31,16,14,48,1016,0.0
2018-02-14,30,20,14,46,1016,0.0
2018-02-15,29,18,13,47,1016,0.0
2018-02-16,28,17,15,59,1014,0.0
2018-02-17,29,16,16,60,1010,0.0
2018-02-18,29,16,16,57,1011,0.0
2018-02-19,30,17,13,53,1011,0.0
2018-02-20,31,17,14,51,1011,0.0
2018-02-21,30,18,18,66,1009,0.0
2018-02-22,28,18,19,74,1009,0.0
2018-02-23,28,19,20,76,1011,0.0
2018-02-24,32,21,18,66,1013,0.0
2018-02-25,32,22,13,43,1012,0.0
2018-02-26,28,19,17,64,1011,0.0
2018-02-27,30,20,19,64,1010,0.0
2018-02-28,30,19,21,71,1010,0.0
2018-03-01,31,20,20,70,1009,0.0
2018-03-02,29,21,21,74,1009,0.0
2018-03-03,30,21,23,78,1007,0.0
2018-03-04,31,22,23,79,1009,0.0
2018-03-05,32,22,23,78,1009,0.0
2018-03-06,33,23,22,71,1009,0.0
2018-03-07,34,21,18,55,1011,0.0
2018-03-08,33,19,17,54,1011,0.0
2018-03-09,33,19,14,44,1009,0.0
2018-03-10,32,24,17,53,1010,0.0
2018-03-11,31,19,21,68,1011,0.0
2018-03-12,32,21,21,70,1011,0.0
2018-03-13,31,21,19,65,1010,0.0
2018-03-14,31,21,22,76,1009,0.0
2018-03-15,32,23,24,78,1009,0.0
2018-03-16,27,23,24,91,1009,0.0
2018-03-17,29,23,23,84,1009,0.0
2018-03-18,31,22,23,80,1011,0.0
2018-03-19,31,22,23,71,1010,0.0
2018-03-20,33,22,23,73,1009,0.0
2018-03-21,33,21,20,66,1008,0.0
2018-03-22,33,21,23,73,1007,0.0
2018-03-23,31,23,23,79,1008,0.0
2018-03-24,31,23,23,75,1011,0.0
2018-03-25,31,23,24,78,1012,0.0
2018-03-26,31,24,24,78,1011,0.0
2018-03-27,32,21,24,77,1010,0.0
2018-03-28,32,24,25,78,1009,0.0
2018-03-29,32,24,24,72,1009,0.0
2018-03-30,31,23,23,75,1009,0.0
2018-03-31,32,21,19,61,1009,0.0
2018-04-01,33,23,21,62,1008,0.0
2018-04-02,32,24,22,65,1009,0.0
2018-04-03,34,25,19,55,1008,0.0
2018-04-04,32,21,22,65,1007,0.0
2018-04-05,31,23,23,73,1007,0.0
2018-04-06,32,23,22,78,1008,6.1
2018-04-07,32,22,23,73,1009,0.0
2018-04-08,32,26,24,75,1010,0.0
2018-04-09,32,24,23,70,1011,0.25
2018-04-10,32,22,24,73,1010,0.0
2018-04-11,32,23,24,74,1009,0.0
2018-04-12,32,24,24,72,1008,0.0
2018-04-13,32,24,24,72,1009,0.0
2018-04-14,33,24,25,74,1008,0.0
2018-04-15,33,25,26,77,1008,0.0
2018-04-16,33,25,26,75,1008,0.0
2018-04-17,33,24,24,80,1009,1.02
2018-04-18,32,21,23,76,1008,1.02
2018-04-19,32,22,25,80,1007,32.0
2018-04-20,33,22,25,78,1008,0.0
2018-04-21,33,26,26,78,1007,0.0
2018-04-22,31,25,26,82,1008,0.25
2018-04-23,33,26,25,74,1008,0.0
2018-04-24,33,27,26,75,1007,0.0
2018-04-25,35,26,25,70,1006,0.0
2018-04-26,34,23,22,61,1007,0.0
2018-04-27,34,22,22,66,1009,0.0
2018-04-28,33,25,24,71,1008,0.0
2018-04-29,33,22,23,73,1007,2.03
2018-04-30,33,21,23,80,1007,0.0
2018-05-01,32,21,23,76,1007,0.0
2018-05-02,33,24,24,71,1008,0.0
2018-05-03,33,23,23,67,1009,0.0
2018-05-04,31,22,24,79,1009,1.02
2018-05-05,32,25,25,78,1009,0.0
2018-05-06,33,24,25,74,1009,1.02
2018-05-07,32,22,24,86,1007,12.95
2018-05-08,32,22,26,82,1006,1.02
2018-05-09,33,24,25,71,1008,0.0
2018-05-10,33,24,24,72,1009,0.0
2018-05-11,33,22,22,70,1008,0.0
2018-05-12,32,22,23,69,1008,0.0
2018-05-13,32,24,22,74,1008,5.08
2018-05-14,33,23,23,68,1008,0.0
2018-05-15,32,24,23,68,1007,0.0
2018-05-16,30,24,23,76,1006,3.05
2018-05-17,31,24,23,81,1005,0.0
2018-05-18,32,24,24,85,1005,14.99
2018-05-19,29,24,24,89,1004,0.0
2018-05-20,32,24,24,85,1005,0.0
2018-05-21,32,24,24,83,1006,0.0
2018-05-22,33,26,26,76,1006,0.0
2018-05-23,33,26,26,76,1006,0.0
2018-05-24,33,26,25,74,1005,0.0
2018-05-25,33,25,26,79,1005,8.89
2018-05-26,33,27,27,76,1005,0.0
2018-05-27,34,27,27,75,1005,0.0
2018-05-28,35,25,25,68,1002,0.0
2018-05-29,34,27,23,63,1000,0.0
2018-05-30,33,27,26,72,1002,0.0
2018-05-31,30,23,24,86,1006,1.02
2018-06-01,33,24,26,79,1006,0.0
2018-06-02,33,26,26,77,1006,0.0
2018-06-03,33,26,25,72,1003,0.0
2018-06-04,33,26,26,80,1003,0.0
2018-06-05,32,26,26,79,1004,0.0
2018-06-06,34,27,26,71,1004,0.0
2018-06-07,34,26,26,73,1002,4.06
2018-06-08,34,27,26,76,999,0.0
2018-06-09,33,26,26,84,994,26.92
2018-06-10,28,25,26,94,991,11.94
2018-06-11,30,25,26,92,993,41.91
2018-06-12,28,26,26,94,995,2.03
2018-06-13,30,25,26,92,996,3.05
2018-06-14,30,25,26,92,998,1.02
2018-06-15,32,23,24,86,1000,8.89
2018-06-16,33,23,25,82,1002,28.96
2018-06-17,32,22,27,84,1002,0.0
2018-06-18,33,27,27,83,1000,0.0
2018-06-19,33,25,26,84,1001,0.0
2018-06-20,34,24,27,79,1002,0.0
2018-06-21,33,26,26,80,1003,2.03
2018-06-22,32,27,26,83,1003,7.87
2018-06-23,29,26,26,89,1003,21.08
2018-06-24,29,25,26,94,1001,21.08
